freq,component,flow_bucket,n,flow_score_mean,sh_ret_mean,ret_next1_mean,ret_next1_win,ret_next1_n,ret_next1_t,ret_next1_p,ret_next4_mean,ret_next4_win,ret_next4_n,ret_next4_t,ret_next4_p,alla_next1_mean,alla_next1_win,alla_next1_n,alla_next1_t,alla_next1_p,sh_ret_win,sh_ret_n,sh_ret_t,sh_ret_p
quarterly,scissors,大幅流出,25,-0.2540213283575598,0.028664423055221447,0.0736532155272365,0.6,25,2.384758029377893,0.025340446134862842,0.2136474841863298,0.68,25,2.7404406089399087,0.01139635614254701,0.08866189825972726,0.64,25,2.565106648727583,0.016989827233234684,0.56,25,1.0167364980278104,0.3194195996080953
quarterly,scissors,流出,25,-0.3943472249688192,-0.007569441553876906,0.006759029620248085,0.6,25,0.3885207405317532,0.7010559602426406,0.2366797955851115,0.75,24,2.731872846477364,0.011885584841924294,0.020271114835234746,0.6,25,1.0524933112130297,0.3030552607124987,0.44,25,-0.4131034033233879,0.6831984921945293
quarterly,scissors,中性,24,-0.24335347210222955,0.046254642094507824,0.007209151872412251,0.391304347826087,23,0.24493767607812175,0.8087749146789566,0.10527814556464636,0.5909090909090909,22,1.2698325376417052,0.2180355572126206,0.01283130039019977,0.43478260869565216,23,0.41164102960692184,0.6845854093591562,0.4583333333333333,24,1.1188675776843073,0.2747463585216369
quarterly,scissors,流入,25,-0.15463403651905883,-0.0007633796486447109,-0.0022004325401618406,0.4,25,-0.06589279198925552,0.9480090055973397,0.04652486053951917,0.32,25,0.456245253764747,0.6523155672124217,0.002106061801298962,0.4,25,0.05875496033148528,0.9536337692887703,0.48,25,-0.02255241020340782,0.9821937657539862
quarterly,scissors,大幅流入,25,0.10823467221795237,0.052439560893074305,0.03366565932125549,0.6,25,1.0821732064681562,0.2899293130093836,-0.05451332107597358,0.44,25,-1.1237741794723133,0.27222415501282676,0.045740947180703734,0.64,25,1.4748341105823506,0.15325569948171128,0.64,25,1.8275923860873526,0.08007103976355891
annual,scissors,大幅流出,7,-0.5336360536077006,-0.05282641214207232,0.23511001793767297,0.7142857142857143,7,1.7467347027250009,0.13128209990004996,0.5231901315180394,0.8,5,1.8456692847309393,0.1386838146529388,0.34179231560118917,0.8571428571428571,7,2.211474748697744,0.0690030286678038,0.42857142857142855,7,-0.3885915261086436,0.7109930757689991
annual,scissors,流出,7,-0.5109118923303381,-0.02913226714884173,0.21397282789612956,0.5714285714285714,7,1.103970470165791,0.31190173081475625,0.5705462733984777,0.8571428571428571,7,2.0581920075764106,0.08526956784131774,0.2104451220694652,0.5714285714285714,7,1.1883500413665158,0.27959509227392126,0.2857142857142857,7,-0.2436394363000153,0.8156266268408898
annual,scissors,中性,7,-0.26804423701332863,0.225530458664204,0.414929168901095,0.8333333333333334,6,1.5733967135651838,0.17643797079203255,0.3369694816550672,0.6666666666666666,6,2.2597037360676864,0.07337893682238561,0.45291516000090626,0.8333333333333334,6,1.6277966980281442,0.16449669244542955,0.5714285714285714,7,1.2132274716753078,0.2706336838552625
annual,scissors,流入,7,-0.3310394089552983,0.22192167689689768,0.04467908588184921,0.2857142857142857,7,0.28018268587606865,0.7887467047581862,0.6227328274793722,0.8571428571428571,7,1.8184395723842577,0.11887703427358542,0.14202519606150135,0.2857142857142857,7,0.5412652831515258,0.6078201184023232,0.7142857142857143,7,1.1653514187032552,0.28810531535745176
annual,scissors,大幅流入,7,-0.10563876253031089,0.5833832617474952,-0.08541010254547572,0.42857142857142855,7,-0.6281080128301006,0.5530740401928034,-0.11933593756142262,0.5714285714285714,7,-1.015433561340506,0.3490829945690973,-0.08179079848743685,0.42857142857142855,7,-0.6164787623713653,0.560225703330669,0.8571428571428571,7,2.49834543085176,0.04663250651683764
quarterly,amount_yoy,大幅流出,28,-0.2770453342890743,-0.05710861890507017,-0.014155728915558148,0.5,28,-0.7880166325645082,0.43755102475618707,0.09336044485144415,0.5925925925925926,27,1.5335467447254123,0.1372207627935304,-0.010572425945936048,0.5,28,-0.543487508702075,0.5912537307050053,0.39285714285714285,28,-2.745813174479957,0.010608521506581328
quarterly,amount_yoy,流出,28,-0.2444014422655922,-0.014018277759824385,0.003755083772103675,0.4642857142857143,28,0.15859441724143925,0.8751687182497999,0.09253642869427713,0.4642857142857143,28,1.3425245033481086,0.19060543158476156,0.007329333958596231,0.4642857142857143,28,0.2799649119355288,0.7816381864242229,0.35714285714285715,28,-0.8024391014209302,0.42930597786859115
quarterly,amount_yoy,中性,27,-0.2714397224115465,-0.001447150845073651,0.03894831107927173,0.5384615384615384,26,1.2590053334634093,0.2196578509244303,0.08945327449417947,0.56,25,1.8829777874319966,0.07187959344581181,0.03807461319132735,0.5,26,1.2409788382224494,0.22613287364739593,0.5185185185185185,27,-0.1088262510776277,0.9141758534079538
quarterly,amount_yoy,流入,28,-0.12672510532066894,0.059656619015496244,0.10614878525257367,0.5,28,1.3026032245957107,0.20371186741678676,0.21186108763788075,0.6428571428571429,28,1.8945761932871172,0.06890580483948654,0.1280809047453008,0.5714285714285714,28,1.4895297628305182,0.14793746334988794,0.6071428571428571,28,2.052790402817425,0.0499002910472616
quarterly,amount_yoy,大幅流入,28,-0.12064584157079744,0.22557377056744238,0.058717936155538726,0.6071428571428571,28,1.3366522110041248,0.19249119708243795,0.10944352389237406,0.5,28,1.1516422199895244,0.2595642630060974,0.08124863329539005,0.6785714285714286,28,1.690314400019839,0.10248279551159138,0.75,28,2.605404807890851,0.014747547300212709
annual,amount_yoy,大幅流出,7,-0.37321649026301423,-0.1557776863582086,0.2519701454614601,0.7142857142857143,7,1.2257589648160923,0.2662144265931554,0.6913882415340579,0.8571428571428571,7,2.378978482125262,0.05484451600260806,0.22492000344742355,0.7142857142857143,7,1.1734611128628436,0.285079534443468,0.0,7,-8.757238330706683,0.00012278452637652594
annual,amount_yoy,流出,7,-0.542956550983275,-0.10858164702198093,0.1455238816470408,0.5714285714285714,7,1.1631162019594405,0.28894408817233846,0.23573283497507136,1.0,6,6.27244815674972,0.0015120610900667608,0.19177747157323594,0.5714285714285714,7,1.1617879582274553,0.2894435006323402,0.2857142857142857,7,-0.9693340519179522,0.3698138488606881
annual,amount_yoy,中性,7,-0.1903727099582817,0.06825716213852615,-0.037315505670327175,0.3333333333333333,6,-0.6972583843703075,0.5167229980028992,0.6751106028677347,0.8,5,1.442504734678988,0.22262698081383941,-0.0013141927401333537,0.5,6,-0.018322186035513704,0.9860904850967418,0.8571428571428571,7,1.6248156278717951,0.15532741508107709
annual,amount_yoy,流入,7,-0.3455537969596616,0.3267466115308695,0.11519923607172203,0.5714285714285714,7,0.9972790008073517,0.3571336762717605,-0.0681345171977916,0.2857142857142857,7,-0.550793685979297,0.6016651047567219,0.17713970982334645,0.5714285714285714,7,1.5689359728303014,0.1677126157091554,0.8571428571428571,7,2.8832316464545333,0.027939485532875546
annual,amount_yoy,大幅流入,7,-0.2271392061526283,0.8182322777284768,0.28329685847974356,0.5714285714285714,7,0.9492456311809441,0.37914593811661523,0.42894908517037494,0.8571428571428571,7,1.8499675370658466,0.1137952416632844,0.4079740956073183,0.5714285714285714,7,1.132863274426587,0.30050211453610665,0.8571428571428571,7,3.1262168389546257,0.020422663776202374
quarterly,rz_chg,大幅流出,13,-0.19911509144592177,-0.06671081168964246,0.02885162070136578,0.5384615384615384,13,1.041285324893241,0.31826853305988173,0.058176003244867776,0.7692307692307693,13,2.217737996448626,0.046627674590538494,0.0458159826022813,0.6923076923076923,13,1.2439054201738913,0.23728513184375802,0.23076923076923078,13,-2.660127058249127,0.020786536635784614
quarterly,rz_chg,流出,13,-0.270755627217583,-0.0232731766233944,-0.011943411558748281,0.38461538461538464,13,-0.6075033688525837,0.5548391429329866,-0.0648837324578823,0.23076923076923078,13,-2.1717045179200314,0.05064022197975765,-0.006436773906280553,0.5384615384615384,13,-0.24839558413958587,0.8080283085063785,0.46153846153846156,13,-0.9323375630659971,0.3695416765440216
quarterly,rz_chg,中性,13,-0.17193133586339002,-0.011940684036723472,0.017257912793224837,0.6153846153846154,13,0.8764136561664689,0.39801034252888773,0.1581938199397916,0.6153846153846154,13,1.4744070918138086,0.16611791211221763,0.03120710627141238,0.6923076923076923,13,1.2460090793925882,0.2365387385347474,0.3076923076923077,13,-0.9623040673396391,0.354887892622353
quarterly,rz_chg,流入,13,-0.11131568591469708,0.01759292608690804,-0.0009923376076926666,0.46153846153846156,13,-0.057295456559548694,0.9552528379374434,0.06342596387017442,0.6666666666666666,12,1.1751525590618186,0.26474407439009356,0.010141995848555916,0.38461538461538464,13,0.4874863643701254,0.6346979395618466,0.5384615384615384,13,1.0326834414931196,0.3221164961709769
quarterly,rz_chg,大幅流入,13,-0.021678967624411793,0.13084486935339917,0.03350077870633774,0.5833333333333334,12,0.7063797745735372,0.4946423021681655,0.004912826784515049,0.5454545454545454,11,0.08880278636133977,0.930991942142264,0.03921514654808412,0.5833333333333334,12,0.8087177473183458,0.4358199877591385,1.0,13,4.959576133436409,0.0003310099335659492
annual,rz_chg,大幅流出,3,-0.6231250499802147,-0.09016515468125896,0.12337811462328256,0.6666666666666666,3,1.5236377763259508,0.26706429919663177,0.2526103982785177,1.0,2,,,0.18793782165092024,0.6666666666666666,3,1.545111081615008,0.2623375731281043,0.3333333333333333,3,-0.8064337561751294,0.5046430285139043
annual,rz_chg,流出,3,-0.35299725171854884,-0.10270728186982077,0.009927280771980388,0.6666666666666666,3,0.24863702297801576,0.8268428678811517,0.3653146200906745,1.0,3,2.5819311840545587,0.1229465048726556,0.056866162964674206,1.0,3,4.868436517203611,0.03969585165420202,0.3333333333333333,3,-1.41783468479672,0.2919896744749873
annual,rz_chg,中性,3,-0.47028086530516755,0.04090352487920305,-0.08076964273817988,0.3333333333333333,3,-0.7368556111122809,0.5379244855083153,-0.018806846377700775,0.5,2,,,-0.10360535613136994,0.3333333333333333,3,-0.9191825632819506,0.45503509484577365,0.6666666666666666,3,1.0272658317701893,0.4122973031734847
annual,rz_chg,流入,3,-0.3563429821863073,0.06784749974076887,0.1720352651771102,0.6666666666666666,3,0.8733193330265254,0.4745792024757166,0.2095696365872359,0.6666666666666666,3,1.1656619243311916,0.36396264148741064,0.18996281012038552,0.6666666666666666,3,0.9605495757744819,0.4381363037293583,0.6666666666666666,3,0.803371139213067,0.5060646312075032
annual,rz_chg,大幅流入,3,-0.09503195652617741,0.2838204265382755,0.07106865292205145,1.0,2,,,-0.13196998296351814,0.0,2,,,0.21523268592880185,1.0,2,,,1.0,3,2.30493298607338,0.147648072811835
quarterly,north_yi,大幅流出,8,-0.5631357740570907,0.015348970732311965,0.0069917777969868145,0.625,8,0.23567453466609556,0.8204318612465624,0.06473077925956162,0.875,8,1.8647504713776422,0.10448019467360448,0.012306359191487343,0.625,8,0.3444384329796423,0.7406327108199507,0.375,8,0.4649046026161111,0.6561148898728577
quarterly,north_yi,流出,8,-0.15373894220412,-0.06476658150193504,-0.00120951696598319,0.625,8,-0.026282135151665015,0.9797658675063341,0.012986896011342796,0.625,8,0.22581096617761687,0.8277998722629278,0.018862306801702075,0.75,8,0.33254925675699853,0.7492114999341745,0.25,8,-1.4281895526294452,0.19629643727599738
quarterly,north_yi,中性,8,-0.02815758342940486,0.008045482858807268,0.046168968482675155,0.625,8,1.2267456385081532,0.259574940252238,-0.036648874196145084,0.25,8,-0.6732597974989606,0.5223814818143326,0.060149890319081745,0.625,8,1.2354968531194133,0.2564983515884493,0.5,8,0.29135602722976695,0.779223368031089
quarterly,north_yi,流入,8,-0.11051810949296886,0.05442701643819112,0.0011362715893677988,0.5,8,0.03584410989685785,0.9724074006146152,-0.011809872358775206,0.5,8,-0.3048654650751988,0.7693333016468057,0.01730021851477266,0.5,8,0.3820552564571662,0.7137545706290099,0.5,8,1.186936668479387,0.27396684364415697
quarterly,north_yi,大幅流入,8,-0.10503318212668616,0.05938848115643933,-0.026119940667140823,0.125,8,-1.2712538038153198,0.2442483565590152,0.00627773674787957,0.5,8,0.14325479960860055,0.8901255363118744,-0.03504072132543394,0.125,8,-1.5672050516631941,0.16105142612173257,0.875,8,1.7964510779305278,0.11548266334319066
annual,north_yi,大幅流出,3,-0.5567332424116199,0.061266234692827805,0.06256969824490273,0.6666666666666666,3,0.6636153655962805,0.5751973391558262,-0.13818390803298622,0.0,1,,,0.08258611597848542,0.6666666666666666,3,0.7044403041264266,0.554137073303322,0.6666666666666666,3,1.224694940837688,0.3453615805509762
annual,north_yi,流出,2,-0.47157753539617087,0.20281373853961682,0.07985859782249183,1.0,2,,,-0.05499019712950686,0.5,2,,,0.19080910575081889,1.0,2,,,0.5,2,,
annual,north_yi,中性,2,-0.5404725965969973,-0.04283538564547307,-0.14145972160053977,0.0,2,,,0.1835316671686213,1.0,2,,,-0.16820967836126893,0.0,2,,,0.5,2,,
annual,north_yi,流入,2,-0.3086201918335349,-0.053623983956185395,0.13551769317890272,1.0,2,,,0.10190003368175815,0.5,2,,,0.21209493890474085,1.0,2,,,0.5,2,,
annual,north_yi,大幅流入,2,-0.10321018937024223,0.13551769317890272,-0.006292714523309373,0.5,2,,,0.032878466000062175,0.5,2,,,0.0424584955343828,0.5,2,,,1.0,2,,
quarterly,inc_capital,大幅流出,13,-0.3231213359744316,-0.053860000026461366,0.022237570787400955,0.5384615384615384,13,1.0334077441386362,0.3217911707873475,-0.001977378065667542,0.5384615384615384,13,-0.05337034853293129,0.9583150396929709,0.043194202236290516,0.6923076923076923,13,1.4103331762320759,0.18383293110967122,0.38461538461538464,13,-1.66427025632601,0.12193184565625678
quarterly,inc_capital,流出,13,-0.2504783183869008,-0.03707169139493776,0.009791467288422498,0.5384615384615384,13,0.36637128861417106,0.7204661369846493,-0.0006254163126598632,0.46153846153846156,13,-0.017015834231936915,0.9867036270243358,0.024966700836955215,0.6923076923076923,13,0.750682870105046,0.4673090103962297,0.23076923076923078,13,-2.337571746100448,0.03755082201203041
quarterly,inc_capital,中性,13,-0.14290353710321424,-0.002370671000080559,0.007971651005247642,0.5384615384615384,13,0.386386579516922,0.7059741293105443,0.16757143155525078,0.6923076923076923,13,1.6398327620823159,0.12697236905864343,8.244633455125946e-05,0.5384615384615384,13,0.0032480982147359196,0.9974617700061496,0.5384615384615384,13,-0.15588290744917896,0.8787169222995714
quarterly,inc_capital,流入,13,-0.10727591065624004,0.007194711077344451,-0.005575167481528224,0.38461538461538464,13,-0.329439694874182,0.7475024491811327,0.04238246081750715,0.5833333333333334,12,0.7450542025183648,0.4718582487463619,0.014010652907228941,0.38461538461538464,13,0.6724307195284216,0.5140492956221882,0.38461538461538464,13,0.4636745141139041,0.6511786773742422
quarterly,inc_capital,大幅流入,13,0.048982394054783156,0.1326207744346821,0.032144729995661765,0.5833333333333334,12,0.6762747657743263,0.5128346484180297,0.011935457037251828,0.5454545454545454,11,0.2066451962530979,0.8404338166953047,0.03756231409077249,0.5833333333333334,12,0.7708139863088421,0.4570544773413435,1.0,13,5.104660585217309,0.0002597852596727545
annual,inc_capital,大幅流出,3,-0.558356998960661,-0.049215463116262535,0.07089269726172505,0.6666666666666666,3,1.1096968047524802,0.38268452947192155,0.19276254029690965,1.0,2,,,0.0852797905716038,0.6666666666666666,3,0.8725301812172729,0.474923041847049,0.3333333333333333,3,-0.5572581240462934,0.6333936519110872
annual,inc_capital,流出,3,-0.4177653027381026,-0.1436569734348172,0.06241269813353789,0.6666666666666666,3,0.7320011374583802,0.5403237567087795,0.4052131920784133,1.0,3,3.7327136268740593,0.06486602501760631,0.15952419404399065,1.0,3,1.751501052009366,0.2219588680372294,0.3333333333333333,3,-1.630996801194615,0.24446752734771557
annual,inc_capital,中性,3,-0.47028086530516755,0.04090352487920305,-0.08076964273817988,0.3333333333333333,3,-0.7368556111122809,0.5379244855083153,-0.018806846377700775,0.5,2,,,-0.10360535613136994,0.3333333333333333,3,-0.9191825632819506,0.45503509484577365,0.6666666666666666,3,1.0272658317701893,0.4122973031734847
annual,inc_capital,流入,3,-0.3775837630023311,0.03972386312732049,0.14181352116204082,0.6666666666666666,3,0.7027107691305267,0.5550147785301577,0.206144142855185,0.6666666666666666,3,1.132437180870098,0.3749461365677969,0.12726487878708911,0.6666666666666666,3,0.6529878747171389,0.5807968570842407,0.6666666666666666,3,0.6658788439359643,0.5740109763391996
annual,inc_capital,大幅流入,3,-0.07379117571015358,0.31194406315172385,0.11640126894465552,1.0,2,,,-0.12683174236544184,0.0,2,,,0.30927958292874647,1.0,2,,,1.0,3,2.8630613649083756,0.10341414412034229
quarterly,ipo_yi,大幅流出,13,-0.4285771123784953,0.013174661427267078,-0.009219004911872254,0.46153846153846156,13,-0.5105973041499403,0.6188953869727869,-0.01800616469554702,0.46153846153846156,13,-0.6881526485617092,0.5044423866828451,-0.008397385652172885,0.46153846153846156,13,-0.4088566827191219,0.6898472573027338,0.6153846153846154,13,0.7101229812405483,0.4911980432952472
quarterly,ipo_yi,流出,12,-0.1524296558693597,-0.008045964101334338,-0.03179899874333725,0.5,12,-0.8769723965280353,0.39924949199814974,-0.04814212914676436,0.3333333333333333,12,-0.9752414829044479,0.35039985437989013,-0.020566211462733075,0.5,12,-0.4877190409262325,0.6353240739419974,0.5,12,-0.29404798906942053,0.7741955348381784
quarterly,ipo_yi,中性,12,-0.007367041333583552,0.001174386515115931,0.007106568041670021,0.45454545454545453,11,0.3435582732899589,0.7382923137389718,-0.045478403042895556,0.4,10,-0.9970366779289284,0.3447963849117062,0.00463056951651166,0.45454545454545453,11,0.16472205172786109,0.8724448515012154,0.5,12,0.04868001942258241,0.9620469343076556
quarterly,ipo_yi,流入,12,-0.09182600548328868,0.04663078167174763,0.0058233545191704135,0.5,12,0.28177750309106975,0.7833446566806498,0.09184597729115457,0.7272727272727273,11,1.1683069495124847,0.2697811740836464,0.019457658321938104,0.5833333333333334,12,0.6658452206465812,0.519229016897186,0.4166666666666667,12,1.2169888671040314,0.24907433021881398
quarterly,ipo_yi,大幅流入,13,-0.10741877648332535,-0.0028721417508020906,0.08003422581625132,0.6923076923076923,13,2.151103457170032,0.052539662947998875,0.18636964235514955,0.7692307692307693,13,2.271162366565526,0.04234901259361841,0.10271729482129072,0.9230769230769231,13,2.728901291615216,0.018303689995625195,0.5384615384615384,13,-0.08169277248439702,0.9362377979900789
annual,ipo_yi,大幅流出,3,-0.37519900745080087,0.011804731063169113,-0.04675242736640047,0.3333333333333333,3,-0.8099229408185363,0.5030282582303073,0.10732452328787656,0.6666666666666666,3,1.2276490871599302,0.3444606125265094,-0.05179463676186846,0.3333333333333333,3,-0.6688838993207625,0.5724393179416758,0.6666666666666666,3,0.13786444592176922,0.9029750539711914
annual,ipo_yi,流出,3,-0.3463457039214319,-0.13229716374031922,-0.01946348554428849,0.6666666666666666,3,-0.19010296258388087,0.8667751747504452,0.3805322127629637,1.0,2,,,-0.03577164596043747,0.6666666666666666,3,-0.295630202193403,0.7953808621724462,0.0,3,-2.5358656631547816,0.12663331111377119
annual,ipo_yi,中性,3,-0.3313561783108481,0.127584319922221,-0.07677057180369551,0.3333333333333333,3,-0.6769574890613391,0.5682359496560967,-0.020754940564370054,0.3333333333333333,3,-0.3010147825942503,0.7918140950095791,-0.04790687075445051,0.3333333333333333,3,-0.2897120266431108,0.7993105040818437,1.0,3,2.6342698944748433,0.11893769548336763
annual,ipo_yi,流入,3,-0.15079447023698964,-0.06162378964562598,0.1443076380793431,1.0,2,,,0.17887981951576945,1.0,2,,,0.1876713587267579,1.0,2,,,0.3333333333333333,3,-0.4818869233097882,0.6774647917880118
annual,ipo_yi,大幅流入,3,-0.5107913671955872,0.2290180278234212,0.07024999907600693,0.6666666666666666,3,0.9544106976319052,0.4406010177285935,0.06937701423713079,0.5,2,,,0.2310849981139186,1.0,3,2.7898001797842844,0.10805638045304222,1.0,3,1.503491052759748,0.27159769733516514
quarterly,m2_yoy,大幅流出,25,-0.15699677687028338,0.014876921546295638,0.006799356278311103,0.4583333333333333,24,0.41385602238259905,0.6828133706890883,0.020773813468818982,0.5909090909090909,22,0.7102696323548747,0.4853505222376122,0.02023050222278284,0.5416666666666666,24,0.9504845082093051,0.35174794959074596,0.48,25,1.033872454297576,0.31150188790651545
quarterly,m2_yoy,流出,25,-0.1914943946811226,0.03143725211584288,0.03345729394114813,0.68,25,1.4600067968321628,0.15725550791936185,0.05644531012603938,0.6,25,1.2995778377584206,0.2060907282871109,0.03452092121722325,0.64,25,1.3712083156363701,0.1829962607807002,0.6,25,1.1373496699374854,0.2666202045564497
quarterly,m2_yoy,中性,24,-0.24377735423601432,-0.005174371994764217,0.0014968205926767276,0.4166666666666667,24,0.06766073674487624,0.9466404652446566,0.07218365520059376,0.5,24,1.208487843157943,0.23913814738107286,0.010681435890279797,0.5416666666666666,24,0.4529770201714243,0.6548095994501867,0.4583333333333333,24,-0.31649057507736233,0.7544847696635332
quarterly,m2_yoy,流入,25,-0.22503702854264343,-0.005182193219536515,0.029331875301826987,0.44,25,0.6575746138220678,0.5170692141872134,0.2736340332412712,0.6,25,2.157257476056391,0.04121450708031699,0.043380316833823256,0.4,25,0.9426007786174447,0.35527761544592357,0.4,25,-0.1256424041436576,0.9010615724619913
quarterly,m2_yoy,大幅流入,25,-0.12546525944525175,0.0810110358288733,0.047756392612074074,0.6,25,1.5457447718565667,0.13525176153575225,0.10785978729602996,0.48,25,1.083354688092262,0.2894153498879485,0.06100811979636184,0.6,25,1.85136997472939,0.0764602866339374,0.64,25,1.9856257018564916,0.05861381107512207
annual,m2_yoy,大幅流出,7,-0.21079904417673417,0.05206689963245096,0.045885059185796585,0.6666666666666666,6,0.5771371617185287,0.5888577714992903,0.10126370619377165,0.75,4,1.8785525814417945,0.15691954256097634,0.08670918739013868,0.6666666666666666,6,0.8072641491575825,0.45618338219178806,0.7142857142857143,7,0.8737106608493871,0.4158711460186501
annual,m2_yoy,流出,7,-0.5367551241625208,0.1338516220851395,0.052879908011999724,0.5714285714285714,7,0.592600905903471,0.5750863802315638,0.022451574385893815,0.42857142857142855,7,0.18437210469989054,0.8597952635365821,0.07827348401021017,0.5714285714285714,7,0.8134544744606337,0.4470281110773519,0.5714285714285714,7,1.236276808400837,0.2625538467838393
annual,m2_yoy,中性,7,-0.3109916278327364,0.08634555441814884,0.005528873642456879,0.5714285714285714,7,0.0412425522135689,0.9684406846909527,0.2975275003239193,0.8571428571428571,7,1.6284325045802575,0.15455659626590168,0.031079860740532515,0.7142857142857143,7,0.23840520946643204,0.8195003767070419,0.42857142857142855,7,0.5533003148696553,0.600051838588153
annual,m2_yoy,流入,7,-0.3938857945920757,0.08895231119850201,0.3550209341723007,0.42857142857142855,7,1.456313760633688,0.1955601208876435,0.6955281817482767,0.8571428571428571,7,1.7579016114735244,0.12926994074605502,0.47008852207373,0.42857142857142855,7,1.5358956686609888,0.17547044040886395,0.42857142857142855,7,0.3847172083684278,0.713713961486631
annual,m2_yoy,大幅流入,7,-0.15293841499801433,0.5876603306834414,0.3112456359565316,0.5714285714285714,7,1.2258731373381737,0.2661744532676169,0.6631091529648394,0.8571428571428571,7,2.781532682780268,0.03193232731535876,0.34692080208661835,0.5714285714285714,7,1.308312056267592,0.23864882866637904,0.7142857142857143,7,2.1387770533003696,0.07627907806111948
