date,sh_close,sz_close,hs_close,gz_close,cyb_close,alla_close,amount_yi,sh_ret,sz_ret,hs_ret,gz_ret,cyb_ret,alla_ret,amount_yoy,m1_yoy,m2_yoy,scissors,m1,m2,credit,credit_yoy,credit_sum,rz_yi,rz_buy_yi,rz_chg,north_yi,ipo_yi,ipo_n,eq_fund_raise,fund_n_new,fund_net,aum,aum_chg,sub,red,pe,pb,pe_sh,inc_capital,z_scissors,z_m2,z_credit,z_turnover,z_fundnet,z_ipo,z_margin,z_north,flow_score,flow_bucket,ret_next1,ret_next2,ret_next4,alla_next1,alla_next2,alla_next4,gz_next1,gz_next4
1990-12-31,127.61,,,,,127.61,0.01884,,,,,,,,19.212556019970805,,,6950.7,15293.4,,,,,,,,,,,,,,,,,,,,,,,,,,,,,,,-0.058145913329676335,0.07797194577227488,1.294099208525977,-0.058145913329676335,0.07797194577227488,1.294099208525977,,
1991-03-31,120.19,,,,,120.19,1.42707,-0.058145913329676335,,,,,-0.058145913329676335,,24.99,,,7069.07,,,,,,,,,,,,,,,,,,,,,,,,,,,,,,,,0.14452117480655624,0.5052833014393874,2.171977701971878,0.14452117480655624,0.5052833014393874,2.1873699975039513,,
1991-06-30,137.56,691.41,,,,137.56,2.22753,0.14452117480655624,,,,,0.14452117480655624,,25.42,,,7280.76,,,,,,,,,,,,,,,,,,,,,,,,,,,,,,,,0.3152079092759521,1.1281622564699036,7.659421343413781,0.3152079092759521,1.1281622564699036,8.152878743820876,,
1991-09-30,180.92,413.78,,,,180.92,5.27079,0.3152079092759521,-0.4015417769485544,,,,0.3152079092759521,,25.99,,,7972.06,,,,,,,,,,,,,,,,,,,,,,,,,,,,,,,,0.6181185054167588,1.1072297147910677,2.8819367676321024,0.6181185054167588,1.1174552288304223,3.1297258456776476,,
1991-12-31,292.75,963.57,,,,292.75,3.63379,0.6181185054167588,1.3287012422060034,,,,0.6181185054167588,191.8763269639066,24.2,26.5,-2.3000000000000007,8633.3,19349.9,,,,,,,,,,,,,,,,,,,,,,,,,,,,,,,0.30227156276686595,3.0689666951323655,1.6657216054654134,0.3085909479077711,3.3008368915456865,1.7866780529461994,,
1992-03-31,381.24,1263.9,,,,383.09,2.79999,0.30227156276686595,0.3116846726236806,,,,0.3085909479077711,0.9620551199310476,25.51,,,8872.65,,,,,,,,,,,,,,,,,,,,,,,,,,,,,,,,2.1245147413702656,0.8421991396495646,1.4286800965271216,2.286616721919131,0.9503249889060009,1.486125975619306,,
1992-06-30,1191.19,2631.82,,,,1259.07,23.11903,2.1245147413702656,1.0823008149378905,,,,2.286616721919131,9.37877379878161,32.77,,,9666.65,,,,,,,,,,,,,,,,,,,,,,,,,,,,,,,,-0.4104047213290911,-0.3448652188147988,-0.15458491088743204,-0.4065858133384165,-0.352061442175574,-0.16378755748290394,,
1992-09-30,702.32,2548.46,,,,747.15,55.19089,-0.4104047213290911,-0.03167389867088177,,,,-0.4065858133384165,9.47108497967098,32.42,,,10556.36,,,,,,,,,,,,,,,,,,,,,,,,,,,,,,,,0.1111601549151382,0.3183591525230662,0.2676130538785738,0.09188248678310917,0.27472395101385283,0.2338352405808743,,
1992-12-31,780.39,2309.77,,,,815.8,100.59907,0.1111601549151382,-0.0936604851557411,,,,0.09188248678310917,26.684337840106334,35.9,31.3,4.599999999999998,11731.5,25402.2,,,,,,,,,,,,,,,,,,,,,,,,,,,,,,,0.1864708671305373,0.29044452132907916,0.06844013890490656,0.1674552586418241,0.2905736700171612,0.039164010786957734,,
1993-03-31,925.91,2908.97,,,,952.41,445.14919,0.1864708671305373,0.25941976906791586,,,,0.1674552586418241,157.98242136579057,51.52,,,13444.03,,,,,,,,,,,,,,,,,,,,,,,,,,,,,,,,0.08763270728256534,-0.03849186206002734,-0.239170113725956,0.10545878350710303,-0.032076521666089076,-0.23733476128978065,,
1993-06-30,1007.05,2338.18,,,,1052.85,452.64366,0.08763270728256534,-0.19621721777811385,,,,0.10545878350710303,18.57883440611479,45.0,,,14016.27,,,,,,,,,,,,,,,,,,,,,,,,,,,,,,,,-0.11596246462439797,-0.17203713817586022,-0.5339953329030336,-0.12441468395307964,-0.19480457805005458,-0.5490050814456,,
1993-09-30,890.27,2226.58,,,,921.86,692.15059,-0.11596246462439797,-0.04772943058276091,,,,-0.12441468395307964,11.541029688051777,30.3,,,13755.0,,,,,,,,,,,,,,,,,,,,,,,,,-0.5497404686516805,,,,,-0.5497404686516805,大幅流出,-0.06343019533399985,-0.20871196378626708,-0.11133701012052544,-0.08039181654481165,-0.21206039962684148,-0.11756665871173502,,
1993-12-31,833.8,2225.38,,,,847.75,1130.6548,-0.06343019533399985,-0.0005389431325170113,,,,-0.08039181654481165,10.239217221391808,38.78,37.31,1.4699999999999989,16280.4,34879.8,,,,,,,,,,,,,,,,,,,,,,,,-0.5280140494049375,,,,,-0.5280140494049375,大幅流出,-0.155121132165987,-0.4371671863756297,-0.22299112497001694,-0.1431790032438809,-0.43989383662636394,-0.21230315541138306,,
1994-03-31,704.46,1560.59,,,,726.37,1309.05146,-0.155121132165987,-0.29873100324438984,,,,-0.1431790032438809,1.9407027787695177,15.36,,,15508.77,,,,,,,,,,,,,,,,,,,,,,,,,-0.5995320912730265,,,,,-0.5995320912730265,大幅流出,-0.33383016778809305,0.12305879680890308,-0.0816795843624907,-0.3462973415752303,0.11992510703911241,-0.07849993804810221,,
1994-06-30,469.29,1143.34,,,,474.83,1651.23594,-0.33383016778809305,-0.2673668292120288,,,,-0.3462973415752303,2.6479820351399597,18.03,,,16543.0,,,,,,,,,,,,,,,,,,,,,,,,,-0.5551621187132493,,,,,-0.5551621187132493,大幅流出,0.6858445737177437,0.3805322934645952,0.3436894031409149,0.7132026198850117,0.4063348988058885,0.3763873386264556,,
1994-09-30,791.15,1720.6,,,,813.48,6467.95905,0.6858445737177437,0.504889184319625,,,,0.7132026198850117,8.34472807427644,29.6,,,17826.48,,,,,,,,,,,,,,,,,,,,,,,,,-0.44806341794644605,,,,,-0.44806341794644605,流出,-0.1811034569929849,-0.18230424066232712,-0.08686089869177793,-0.17911933913556577,-0.1771770664306437,-0.07787530117519814,,
1994-12-31,647.87,1271.05,,,,667.77,3272.65406,-0.1811034569929849,-0.2612751365802627,,,,-0.17911933913556577,1.8944767757586134,26.2,34.5,-8.3,20540.7,46923.5,,,,,,,,,,,,,,,,,,,,,,,,-0.5211475427017295,,,,,-0.5211475427017295,流出,-0.0014663435565778205,-0.02668745272971423,-0.1428990383873309,0.002366084130763557,-0.02129475717687246,-0.13864054988993224,,
1995-03-31,646.92,1225.37,,,,669.35,1162.28627,-0.0014663435565778205,-0.035938790763542006,,,,0.002366084130763557,-0.11211567649143439,27.9,,,19835.7,,,,,,,,,,,,,,,,,,,,,,,,,-0.52824583941935,,,,,-0.52824583941935,大幅流出,-0.025258146293204553,0.11672231496939342,-0.13994002349595008,-0.023604989915589902,0.12068424591021122,-0.14091282587584994,,
1995-06-30,630.58,1050.72,,,,653.55,1968.71257,-0.025258146293204553,-0.1425283791834302,,,,-0.023604989915589902,0.19226606102093435,21.2,,,20050.12,,,,,,,,,,,,,,,,,,,,,,,,,-0.5019183245420786,,,,,-0.5019183245420786,流出,0.14565955152399357,-0.11939801452630928,0.2754146975800053,0.1477775227603091,-0.11989901308239607,0.2868120266238237,,
1995-09-30,722.43,1164.96,,,,750.13,3722.10974,0.14565955152399357,0.10872544540886242,,,,0.1477775227603091,-0.4245310288413159,26.22,,,22500.0,,,,,,,,,,,,,,,,,,,,,,,,,-0.49279505954466096,,,,,-0.49279505954466096,流出,-0.23135805545173926,-0.2298354165801531,0.21191672549589563,-0.2332129097623078,-0.23342620612427187,0.22504899150813873,,
1995-12-31,555.29,987.75,,,,575.19,2238.71848,-0.23135805545173926,-0.15211681087762674,,,,-0.2332129097623078,-0.31593182812606835,16.8,29.5,-12.7,23987.1,60750.5,,,,,,,,,,,,,,,,,,,,,,,,-0.47363284874867234,,,,,-0.47363284874867234,流出,0.0019809468926146323,0.44834410848385514,0.6514217796106538,-0.00027816895286791876,0.46211860428727886,0.660291381978129,,
1996-03-31,556.39,1015.01,,,,575.03,1077.7148399999999,0.0019809468926146323,0.027598076436345265,,,,-0.00027816895286791876,-0.0727629949547629,20.54,,,23909.0,64511.0,,,,,,,,,,,,,,,,,,,,,,,,-0.4539672673302816,,,,,-0.4539672673302816,流出,0.445480688006614,0.5735814806161145,1.2189776955013567,0.4625254334556459,0.5980835782480918,1.2492078674156137,,
1996-06-30,804.251,2059.129,,,,840.996,6902.44887,0.445480688006614,1.0286785351868453,,,,0.4625254334556459,2.506072432909798,22.69,,,24600.0,68132.0,,,,,,,,,,,,,,,,,,,,,,,,-0.3952833916197681,,,,,-0.3952833916197681,流出,0.0886215870418563,0.14021368950738025,0.554579353957906,0.09268771789639918,0.13553810006230724,0.5538456782196354,,
1996-09-30,875.525,2764.036,,,,918.946,8527.45006,0.0886215870418563,0.3423326076219606,,,,0.09268771789639918,1.2910259652903195,16.58,,,26230.0,69643.0,,,,,,,,,,,,,,,,,,,,,,,,-0.4058981565611162,,,,,-0.4058981565611162,流出,0.04739213614688342,0.4101447702806887,0.2533999600239857,0.039215579587919214,0.40744069836530133,0.2456281435470639,,
1996-12-31,917.018,3217.542,,,,954.983,13273.75715,0.04739213614688342,0.16407383984868495,,,,0.039215579587919214,4.929176566229087,18.9,25.3,-6.400000000000002,28514.8,76094.9,,,,,,,,,,,,,,,,,,,,,,,,-0.32837533471452185,,,,,-0.32837533471452185,中性,0.3463388941111296,0.36341053283577834,0.30215764576049753,0.3543298676520945,0.3683782852679055,0.3178150815250116,,
1997-03-31,1234.617,4543.267,,,,1293.362,7462.98501,0.3463388941111296,0.4120303635508098,,,,0.3543298676520945,5.9248234625775416,21.54,23.84,-2.3000000000000007,29058.0,79889.0,,,,,,,,,,,,,,,,,,,,,,,,-0.301639995955276,,,,,-0.301639995955276,中性,0.012680045714581922,-0.11115511936090289,0.006802919447893636,0.010372965960032898,-0.11496935892658047,0.014449937449839908,,
1997-06-30,1250.272,5081.446,,,,1306.778,9670.69818,0.012680045714581922,0.11845638832144356,,,,0.010372965960032898,0.4010532149005255,26.32,21.51,4.809999999999999,31074.0,82789.0,,,,,,,,,,,,,,,,,,,,,1.1942235715894731,-1.3262341380576026,,-0.4008661843067745,,,,,-0.17762558359163463,中性,-0.1222845908730259,-0.04492622405364578,0.07112852243351853,-0.12405550139350374,-0.036951188342626,0.08759253675834756,,
1997-09-30,1097.383,3916.805,,,,1144.665,5830.3077,-0.1222845908730259,-0.22919480006281678,,,,-0.12405550139350374,-0.31628943482783634,22.93,23.33,-0.3999999999999986,32245.0,85892.0,,,,,,,,,,,,,,,,,,,,,0.33844996200176136,-0.8883312427557463,,-0.4054689951866462,,,,,-0.3184500919802104,中性,0.0881360473052708,0.13270936400509203,0.13260001293987592,0.09944044764188642,0.14623143015642115,0.15401973503164676,,
1997-12-31,1194.102,4184.844,,,,1258.491,4931.74616,0.0881360473052708,0.06843307236382712,,,,0.09944044764188642,-0.6284589130064053,22.1,19.6,2.5,34826.3,90995.3,,,,,,,,,,,,,,,,,,,,,0.7644760921245044,-1.332632080912828,,-0.4024959253730725,,,,,-0.3235506380537987,中性,0.04096299981073637,0.12151390752213787,-0.03969677632229081,0.04255890586424527,0.1293223392141859,-0.03087427720976945,,
1998-03-31,1243.016,4063.289,,,,1312.051,4404.9051500000005,0.04096299981073637,-0.02904648297523149,,,,0.04255890586424527,-0.40976631413601083,13.94,15.18,-1.2400000000000002,33110.0,92015.0,,,,,,,,,,,,,,,,,,,,,0.11009515392101867,-1.6741785974419392,,-0.3892698790155178,,,,,-0.6511177741788128,大幅流出,0.07738114392735085,-9.653938485109936e-05,-0.06835149346428357,0.08322161257451133,0.006794705388738787,-0.06048240502846293,,
1998-06-30,1339.202,3737.143,,,,1421.242,10399.79469,0.07738114392735085,-0.08026650331787877,,,,0.08322161257451133,0.07539233428956016,8.7,14.34,-5.640000000000001,33776.0,94658.0,,,,,,,,,,,,,82.72,,,,,,,,-0.653706816711392,-1.520926714034994,,-0.3711028406201761,,,,,-0.8485787904555208,大幅流出,-0.07191297504035987,-0.14374381161318456,0.26151842664512165,-0.070555190460175,-0.14185198579833694,0.2596109599913317,,
1998-09-30,1242.896,3283.372,,,,1320.966,6501.13332,-0.07191297504035987,-0.12142189902821487,,,,-0.070555190460175,0.11505835618247029,13.2,16.19,-2.990000000000002,36501.0,99795.0,,,,,,,,,,,,,101.79,19.070000000000007,,,,,,,-0.1503950123617313,-1.1423204930266992,,-0.3629002780341926,,,,,-0.551871927807541,大幅流出,-0.07739666070210216,-0.06826154400689989,0.263743708242685,-0.07670901446365763,-0.06682306736130977,0.2634034486883086,,
1998-12-31,1146.7,2949.317,,,,1219.636,5723.13983,-0.07739666070210216,-0.10174144142058827,,,,-0.07670901446365763,0.1604692626759201,11.9,14.8,-2.9000000000000004,38953.7,104498.5,,,,,,,,,,,,,107.42,5.6299999999999955,,,,,,,-0.128226916568514,-1.208411897164786,,-0.35500262043414693,,,,,-0.5638804780558156,大幅流出,0.009901456353013094,0.47329554373419397,0.19175023981860997,0.010707292995615125,0.46782482642362166,0.190437146820855,,
1999-03-31,1158.054,2872.154,,,,1232.695,4892.53965,0.009901456353013094,-0.026163006553720725,,,,0.010707292995615125,0.11070261070207144,14.93,17.85,-2.9200000000000017,38054.0,108438.0,,,,,,,,,,,,,128.21,20.790000000000006,,,,,34.3,,-0.12806297216216325,-0.7566407339076798,,-0.34957428778475524,,,,,-0.41142599795153273,流出,0.4588507962495705,0.3563288067741228,0.5545259547482241,0.4522748936273775,0.35387342367738994,0.5539942970483374,,
1999-06-30,1689.428,4702.774,,,,1790.212,19849.16098,0.4588507962495705,0.6373683305282378,,,,0.4522748936273775,0.908610849701303,14.94,17.65,-2.709999999999999,38822.0,111363.0,,,,,,,,,,,,,360.04,231.83,,,,,45.37,,-0.08118900469724259,-0.7455075676874683,,-0.32564339474824394,,,,,-0.3841133223776516,流出,-0.07027585668048597,-0.1910989991878909,0.14127740276590653,-0.06775677964397508,-0.1889787354793733,0.1438293341794155,,
1999-09-30,1570.702,3967.838,,,,1668.913,14169.43819,-0.07027585668048597,-0.15627712494795631,,,,-0.06775677964397508,1.179533550928625,14.83,15.32,-0.4900000000000002,41914.0,115079.0,,,,,,,,,,,,,443.42,83.38,,,,,42.52,,0.39100161035531694,-1.0024830302125922,,-0.3140118286182425,,,,,-0.3084977494918393,中性,-0.12995590506665178,0.14612765502304056,0.21611928933686972,-0.13003254213970405,0.14781357686110663,0.2141819256006753,,
1999-12-31,1366.58,3369.614,,,,1451.9,6578.182196,-0.12995590506665178,-0.15076825213126144,,,,-0.13003254213970405,0.1494009217664003,17.7,14.7,3.0,45837.3,119897.9,,,,,,,,,,,,,514.15,70.72999999999996,,,,,38.14,,1.1001516402934965,-1.023994025830476,,-0.3325290662475916,,,,,-0.08545715059485703,流入,0.31732134232902576,0.41089873992009257,0.5172745100908837,0.3193753013292926,0.41035677388249847,0.5100061987740202,,
2000-03-31,1800.225,4532.313,,,,1915.601,21952.10482,0.31732134232902576,0.3450540625721521,,,,0.3193753013292926,3.4868527166662826,18.7,13.0,5.699999999999999,45158.45,122606.82,,,,,,,,,,,,,685.95,171.80000000000007,,,,,49.92,,1.5391721623327679,-1.1752726427860543,,-0.24942409170999613,,,,,0.0381584759455725,流入,0.07103612048493946,0.06106792206529744,0.17361718674054633,0.06895799281791959,0.05782154008063254,0.1561353329842696,,
2000-06-30,1928.106,4830.674,,,,2047.697,16788.97534,0.07103612048493946,0.06582974300318623,,,,0.06895799281791959,-0.15417203997103157,23.7,13.7,10.0,48024.4,126605.33,,,,,,,,,,,,,748.14,62.18999999999994,,,,,55.22,,2.0862284958822372,-1.0234311019323503,,-0.33184771020485926,,,,,0.24364989458167588,大幅流入,-0.009307060918849919,0.07539575106347869,0.15036673294932945,-0.010418045247905239,0.07065547295327403,0.128093170034434,,
2000-09-30,1910.161,4523.658,,,,2026.364,17681.49997,-0.009307060918849919,-0.0635555204097813,,,,-0.010418045247905239,0.24786175237904762,20.8,13.4,7.4,50616.89,130473.84,,,,,,,,,,,,,773.45,25.31000000000006,,,,,54.83,,1.4647484286588113,-1.011344398085859,,-0.31719199409633897,,,,,0.04540401215887111,大幅流入,0.085498552216279,0.10607168715097831,-0.07606374541203603,0.08192703778788024,0.09293986667745778,-0.08985256350783957,,
2000-12-31,2073.477,4752.751,,,,2192.378,13014.19628,0.085498552216279,0.05064330681055029,,,,0.08192703778788024,0.978387933358482,16.0,12.3,3.6999999999999993,53147.15,134610.26,,,,,,,,,,,,,845.62,72.16999999999996,,,,,59.14,,0.7559332697805535,-1.0996267988911976,,-0.29480824426972146,,,,,-0.21283392446012184,中性,0.018952706010242792,0.06971478342899401,-0.2061783178689707,0.010178901631014314,0.05364722689244284,-0.21886599847289107,,
2001-03-31,2112.775,4965.986,,,,2214.694,12473.3132,0.018952706010242792,0.04486559468400508,,,,0.010178901631014314,-0.4317942036867515,17.4,13.2,4.199999999999999,53033.36,138744.46,,,,,,,,,,,,,668.72,-176.89999999999998,,,,,60.88,,0.8177220755983571,-0.9382261338497004,,-0.3253907973316582,,,,,-0.14863161852766718,流入,0.04981789352865307,-0.16466874134728027,-0.24085385334453502,0.04303032382803229,-0.16724838736186573,-0.24475209667791564,,
2001-06-30,2218.029,4716.896,,,,2309.993,19545.24824,0.04981789352865307,-0.05015922316333554,,,,0.04303032382803229,0.1641715973835005,14.9,14.3,0.5999999999999996,55187.36,147809.67,,,,,,,,,,,,,693.51,24.789999999999964,,,,,56.55,,0.14111978293071756,-0.7642883373918583,,-0.3059969556777277,,,,,-0.30972183671295617,中性,-0.2043084197726901,-0.25791276849851824,-0.21878613850405004,-0.20160364122315522,-0.25863801318878454,-0.21646472521778196,,
2001-09-30,1764.867,3498.626,,,,1844.29,11454.84587,-0.2043084197726901,-0.2582779013995644,,,,-0.20160364122315522,-0.3521564409447555,12.26,16.36,-4.1,56824.0,151822.6,,,,,,,,,,,,,663.61,-29.899999999999977,,,,,40.61,,-0.7343022619334836,-0.4735447090763805,,-0.3149218067407078,,,,,-0.507589592583524,流出,-0.06736824927884077,-0.09120347312290385,-0.10383162017307807,-0.07143616242564887,-0.09306941966827333,-0.10508488361374828,,
2001-12-31,1645.971,3325.664,,,,1712.541,10190.51711,-0.06736824927884077,-0.049437121887278,,,,-0.07143616242564887,-0.21696915500954772,12.65,17.6,-4.950000000000001,59871.59,158301.92,,,,,,,,,,,,,785.66,122.04999999999995,,,,,37.59,,-0.8677397093395847,-0.29662180739127636,,-0.3073147417334819,,,,,-0.4905587528214476,流出,-0.025556950881880702,0.05272510876558593,-0.17516529756599583,-0.023297544409155657,0.05688622929319659,-0.1713383796358743,,
2002-03-31,1603.905,3173.9,1313.466,,,1672.643,12964.977582,-0.025556950881880702,-0.045634195156215474,,,,-0.023297544409155657,0.03941730429730561,10.1,14.4,-4.300000000000001,59474.83,164064.57,,,,,,,,,,,,,817.99,32.33000000000004,,,,,37.16,,-0.7207666691636926,-0.724386519259931,,-0.2967436582804561,,,,,-0.5806322822346933,大幅流出,0.08033518194656186,-0.013895461389546027,-0.05818736147090994,0.08209641866196193,-0.013248493551821864,-0.05550855741482195,,
2002-06-30,1732.755,3551.328,1431.175,,,1809.961,13160.1464,0.08033518194656186,0.11891615992942439,0.08961708944121893,,,0.08209641866196193,-0.32668307721631684,12.8,14.7,-1.8999999999999986,63144.0,169601.24,,,,,,,,,,,,,897.24,79.25,,,,,44.47,,-0.24643664828202652,-0.6643906537117997,,-0.3026289592875163,,,,,-0.4044854204271142,流出,-0.08722352554169521,-0.21647665134424654,-0.14239231743668335,-0.08811129079576852,-0.21594056446520118,-0.14036490289017284,,
2002-09-30,1581.618,3243.926,1285.652,,,1650.483,8572.546936,-0.08722352554169521,-0.08655973202137346,-0.10168078676611869,,,-0.08811129079576852,-0.2516226727719383,15.9,16.5,-0.5999999999999996,66799.76,176985.21,,,,,,,,,,,,,949.85,52.610000000000014,,,,,40.4,,0.012311076431013035,-0.398967179815603,,-0.29694637633433835,,,,,-0.22786749323964275,中性,-0.14160435705714014,-0.0449160290285012,-0.13559342394939858,-0.14018078344339202,-0.04282746323348986,-0.1321594951296075,,
2002-12-31,1357.654,2759.3,1103.641,,,1419.117,7624.000975,-0.14160435705714014,-0.1493948998836594,-0.141570969438075,,,-0.14018078344339202,-0.2518533757704471,16.82,16.8,0.019999999999999574,70881.79,185006.97,,,,,,,,,,,,,1112.92,163.07000000000005,,,,,34.5,,0.13579517779643901,-0.34887969134340935,,-0.2934164669572612,,,,,-0.1688336601680772,中性,0.11263841891969517,0.0945528094787035,0.10266975238168188,0.11322533660015344,0.09639022011574798,0.10570657669522669,,
2003-03-31,1510.578,3101.859,1215.168,,,1579.797,10537.91963,0.11263841891969517,0.12414706628492733,0.10105369409074139,,,0.11322533660015344,-0.1872010912976525,20.1,18.5,1.6000000000000014,71438.82,194487.3,,,,,,,,,,,,,1213.15,100.23000000000002,,,,,38.2,,0.4530012529372949,-0.09664658068783283,,-0.2882548257098135,,,,,0.022699948846549522,流入,-0.016254705152597304,-0.09494180373340527,0.15295138682014428,-0.015122829072342858,-0.09332907962225523,0.15616373496088423,,
2003-06-30,1486.024,3224.807,1214.547,,,1555.906,17107.954902,-0.016254705152597304,0.03963687582188613,-0.0005110404487279618,,,-0.015122829072342858,0.29998211129323016,20.2,20.8,-0.6000000000000014,75923.23,204907.42,,,,,,,,,,,,,1255.87,42.7199999999998,,,,,36.11,,-0.007042964639918694,0.2442181325447981,,-0.27165888309798253,,,,,-0.011494571731034372,流入,-0.07998726803873946,0.007415761791195992,-0.058452622568679904,-0.07940711071234374,0.008497299965422138,-0.05595775066102968,,
2003-09-30,1367.161,3054.894,1127.144,,,1432.356,7910.391826,-0.07998726803873946,-0.052689354742779915,-0.07196345633392531,,,-0.07940711071234374,-0.07724135136773791,18.5,20.7,-2.1999999999999993,79163.88,213567.13,,,,,,,,,,,,,1364.11,108.24000000000001,,,,,32.97,,-0.34145368309414154,0.22541934072491926,,-0.2790891331926867,,,,,-0.13170782518730298,流入,0.0950019785526357,0.2738975146306834,0.021606087359133136,0.09548673653756468,0.27517460742999644,0.022919581444836305,,
2003-12-31,1497.044,3479.796,1194.744,,,1569.127,14584.257157,0.0950019785526357,0.1390889503858399,0.05997459064680277,,,0.09548673653756468,0.9129400959972989,18.67,19.58,-0.9099999999999966,84118.57,221222.82,,,,,,,,,,,,,1572.74,208.6300000000001,,,,,36.64,,-0.062398877618492665,0.05152627588207994,,-0.24841272284814025,,,,,-0.08642844152818434,流入,0.16337462359155763,-0.06538351578176739,-0.15400215357731642,0.16402560149688328,-0.06391197143379737,-0.15227703047618205,,
2004-03-31,1741.623,4060.143,1384.954,,,1826.504,23179.734370000002,0.16337462359155763,0.1667761558436185,0.1592056540982838,,,0.16402560149688328,1.1996499483646188,20.12,19.11,1.0100000000000016,85815.57,231654.6,,,,,,,,,,,,,1884.13,311.3900000000001,,,,,42.49,,0.3523103903251188,-0.02194329257447999,,-0.23772236240384748,,,,,0.03088157844893045,流入,-0.19663325530266884,-0.1980468792614705,-0.3217613685625419,-0.19581835024724836,-0.19781998834932746,-0.3225183728203152,,
2004-06-30,1399.162,3275.85,1078.485,,,1468.841,13290.171591,-0.19663325530266884,-0.19316881203445302,-0.22128460584250453,,,-0.19581835024724836,-0.22315836889151985,16.73,16.36,0.370000000000001,88627.14,238427.49,,,,,,,,,,,,-47.76999999999998,2532.49,648.3599999999997,316.61,364.38,,,26.65,,0.20735837293256149,-0.45250823545202135,,-0.27583458335463806,,,,,-0.17366148195803266,中性,-0.0017596246896356416,-0.09481818402729626,-0.22743899562738257,-0.0024890372749670764,-0.09439823643267033,-0.22858592519678922,,
2004-09-30,1396.7,3453.912,1109.324,,,1465.185,13865.641674,-0.0017596246896356416,0.05435596867988468,0.028594741697844928,,,-0.0024890372749670764,0.7528387947138335,14.24,14.14,0.09999999999999964,90439.05,243756.88,,,,,,,,,,,,34.97000000000003,3074.22,541.73,506.47,471.5,,,26.75,,0.1446490771171782,-0.7924079308344755,,-0.24494370142356583,,,,,-0.29756751838028767,中性,-0.0932225961194243,-0.15426648528674727,-0.17261115486503892,-0.09213853540679162,-0.15544937876773038,-0.1764685391446736,,
2004-12-31,1266.496,3067.57,1000.0,,,1330.185,12453.036659,-0.0932225961194243,-0.11185635302810248,-0.09855010799369712,,,-0.09213853540679162,-0.1461315770187911,13.58,14.67,-1.0899999999999999,95970.82,253207.7,,,,,,,,,,,,14.0,3246.29,172.07000000000016,836.25,822.25,,,24.29,,-0.1250544485144815,-0.6927863826762308,,-0.26863446290533854,,,,,-0.3621584313653503,流出,-0.06731959674566679,-0.14651289858001915,-0.08325253297286365,-0.06973623821483255,-0.14817516281718493,-0.0977524179813959,,
2005-03-31,1181.236,3170.35,942.203,758.358,,1237.422901970203,7367.0544899999995,-0.06731959674566679,0.03350534788122195,-0.05779699999999999,,,-0.06973623821483255,-0.6821769234968158,10.4,14.22,-3.8200000000000003,94743.19,264588.94,,,,,,,,,,,,456.72,3818.11,571.8200000000002,1622.95,1166.23,,1.81,22.63,,-0.7409907984806007,-0.7507888420622129,,-0.28170908459957883,,,,,-0.5911629083807975,大幅流出,-0.08490936612158784,-0.02169083908719334,0.09909874064115895,-0.08431901555729615,-0.024887981665651412,0.10832482811548107,-0.08431901555729615,0.10832482811548116
2005-06-30,1080.938,2760.23,878.686,694.414,,1133.0846210480229,8928.649589999999,-0.08490936612158784,-0.12936111154919805,-0.06741328567198357,-0.08431901555729615,,-0.08431901555729615,-0.32817650029090595,11.25,15.67,-4.42,98601.25,275785.53,,,,,,,,,,,,270.94000000000005,4321.19,503.0799999999995,2232.23,1961.29,12.76,1.62,15.98,,-0.8611728657650237,-0.5049206644686967,,-0.2685127836983267,,,,,-0.5448687713106823,大幅流出,0.06908444332607422,0.0741198847667489,0.5469999204394701,0.06490364537581317,0.059193795055975246,0.6918869723248666,0.06490364537581339,0.6918869723248668
2005-09-30,1155.614,2903.109,917.392,739.484,,1206.6259434733115,14992.65401,0.06908444332607422,0.05176344000318811,0.04404986536715061,0.06490364537581339,,0.06490364537581317,0.08128093618006194,11.64,17.92,-6.280000000000001,100964.0,287438.27,,,,,,,,,,,,95.65000000000009,4563.33,242.14000000000033,2479.4,2383.75,12.63,1.73,16.78,,-1.2534553291519106,-0.13061419159523158,,-0.2537578144830173,,,,,-0.5459424450767197,大幅流出,0.0047100502416896894,0.12346769769144361,0.5164440721555811,-0.0053618469094665056,0.13661282732283603,0.6273617819993405,-0.005361846909466617,0.6273617819993399
2005-12-31,1161.057,2863.612,923.451,735.519,,1200.156199887417,8862.43852,0.0047100502416896894,-0.013605069599522346,0.006604592148176547,-0.005361846909466617,,-0.0053618469094665056,-0.2883311305764944,11.78,17.57,-5.790000000000001,107278.76,298755.67,,,,,,,,,,,,-274.80999999999995,4814.41,251.07999999999993,2493.85,2768.66,12.61,1.62,16.38,,-1.1092990128700773,-0.1870214623234118,,-0.26254271009058155,,,,,-0.5196210617613569,流出,0.11820091520054565,0.4402488422187712,1.30434336987762,0.14274002439094025,0.597334671164171,1.156940881200894,0.14274002439094025,1.1569408812008934
2006-03-31,1298.295,3516.396,1061.088,840.507,,1371.466525132285,14313.12901,0.11820091520054565,0.22795825691469385,0.14904634896708102,0.14274002439094025,,0.14274002439094025,0.9428564061021356,12.67,18.76,-6.090000000000002,106737.08,310490.65,,,,,,,,,,,,-323.69000000000005,4964.93,150.52000000000044,2925.25,3248.94,14.03,1.69,17.72,,-1.1462278589801522,0.014781285905156517,,-0.2227678882565905,-1.3600126089167632,,,,-0.6785567675620874,大幅流出,0.2880054224964279,0.34978876141400816,1.4524341540250867,0.3978110830724788,0.4317643993446814,1.7727145639477127,0.3978110830724788,1.772714563947712
2006-06-30,1672.211,4301.657,1393.963,1174.87,,1917.051108892808,29902.22301,0.2880054224964279,0.22331415460602266,0.31371102114056515,0.3978110830724788,,0.3978110830724788,2.349019659533979,13.94,18.43,-4.49,112342.36,322756.35,,,,,,,,,,,,-1791.6599999999999,5139.02,174.09000000000015,2730.37,4522.03,17.79,2.26,19.91,,-0.7646994078137279,-0.041438351491964114,,-0.1777239562893348,-2.4767679488172387,,,,-0.8651574161030664,大幅流出,0.047968228889775144,0.5999619665221674,1.284821114081895,0.024290347017116964,0.3503374841471824,1.6030071412156253,0.024290347017116742,1.6030071412156246
2006-09-30,1752.424,4326.779,1403.265,1203.408,,1963.6169455773631,22862.96573,0.047968228889775144,0.0058400751152405395,0.006673060906207784,0.024290347017116742,,0.024290347017116964,0.5249445304847664,15.7,16.83,-1.129999999999999,116814.1,331865.36,,,,,,,,,,,,-386.6299999999999,5147.84,8.819999999999709,1980.59,2367.22,19.39,2.27,21.41,,0.01053006847492966,-0.3156825043049618,,-0.23258466097930824,-0.30898382569453964,,,,-0.21168023062597002,中性,0.5267275499536643,0.8169021880549456,2.168354804545019,0.3183151516360203,0.9365718027468657,2.688854486591415,0.31831515163602053,2.688854486591415
2006-12-31,2675.474,6647.139,2041.047,1586.471,,2588.6659713638805,36434.48777,0.5267275499536643,0.5362788346712415,0.4544986157283193,0.31831515163602053,,0.3183151516360203,3.1111131758801758,17.48,16.94,0.5399999999999991,126035.13,345603.59,,,,,,,,,,,,-30.929999999999836,8574.48,3426.6399999999994,2490.09,2521.02,30.66,2.3,33.38,,0.3953685269113054,-0.29291205301898576,,-0.1500058949722271,0.25326202840336814,,,,0.051428151830865174,大幅流入,0.19006314395131474,0.42804714230076596,0.9665909666847816,0.46897485047000553,0.9276715426881431,1.6908578852055922,0.4689748504700053,1.6908578852055918
2007-03-31,3183.983,8549.199,2781.784,2330.486,,3802.6852082010478,62624.37151,0.19006314395131474,0.2861471679770802,0.362920109140064,0.4689748504700053,,0.46897485047000553,3.375309652155507,19.81,17.27,2.539999999999999,127881.31,364093.66,,,,,,,,,,,,807.4900000000007,10559.98,1985.5,5159.93,4352.44,36.37,3.93,44.36,,0.8506685247923543,-0.23177031036129475,,-0.14047828065848456,1.436166977172726,,,,0.4786467277363252,大幅流入,0.19997594208260527,0.7438224387504582,0.0906820168323763,0.3122563276501127,0.9048374459232966,0.3653135011323819,0.3122563276501127,0.3653135011323822
2007-06-30,3820.703,12546.449,3764.078,3058.195,,4990.097726523311,85261.15610000001,0.19997594208260527,0.4675584227247489,0.3531165611708169,0.3122563276501127,,0.3122563276501127,1.8513316910079456,20.92,17.06,3.860000000000003,135847.41,377832.15,,,,,,,,,,,,3024.25,18234.54,7674.560000000001,7798.36,4774.11,37.29,4.5,42.74,,1.1344981057179915,-0.2664530042605533,,-0.1876530380445663,2.7303132314133274,,,,0.8526763237065498,大幅流入,0.45321450005404773,0.3771190799180151,-0.28387445975256387,0.45157421289355293,0.3959109867094803,-0.23545032282114134,0.45157421289355315,-0.23545032282114126
2007-09-30,5552.301,18864.549,5580.813,4439.197,,7243.497179639984,88959.71935,0.45321450005404773,0.5035767490865342,0.48265073146730764,0.45157421289355315,,0.45157421289355293,2.890996487532241,22.07,18.45,3.620000000000001,142591.57,393098.91,,,,,,,,,,,,4947.599999999999,30439.09,12204.55,9943.56,4995.96,45.73,6.17,63.74,,1.054456756782185,-0.01460239307262248,,-0.1529411580758036,2.7267401805938527,,,,0.903413346556903,大幅流入,-0.052363515594705756,-0.3745452561019297,-0.5868768642045884,-0.03834680010821778,-0.28323883801507344,-0.5786046440380996,-0.03834680010821778,-0.5786046440380996
2007-12-31,5261.563,17700.622,5338.275,4268.968,,6965.73224120789,52250.77362,-0.052363515594705756,-0.06169916916646134,-0.0434592594304809,-0.03834680010821778,,-0.03834680010821778,0.43410205050345363,21.0,16.7,4.300000000000001,152560.08,403442.21,,,,,,,,,,,,1525.9800000000005,33334.38,2895.2899999999972,6679.6,5153.62,43.17,5.91,59.24,,1.1847195043280911,-0.331171527648738,,-0.23084511703660465,0.6071188442272406,,,,0.3074554259674973,大幅流入,-0.3399845255107655,-0.47998284920279394,-0.6539421841000479,-0.25465733170171334,-0.4522933880038454,-0.6277526559112179,-0.25465733170171334,-0.6277526559112179
2008-03-31,3472.713,13302.138,3790.53,3181.844,,5191.857455313293,57695.90998,-0.3399845255107655,-0.24849318854444769,-0.2899335459488317,-0.25465733170171334,,-0.25465733170171334,-0.07869877830571148,17.97,16.19,1.7799999999999976,150867.47,423054.53,2834.0,-35.83880462,13326.0,,,,,,,,,15.329999999999927,26472.84,-6861.539999999997,5064.95,5049.62,26.89,4.5,39.45,,0.5869325244197332,-0.42049229006365013,,-0.2456494207054313,-0.32602864553927535,,,,-0.1013094579721559,流入,-0.21211369900132837,-0.3394835680345597,-0.31661124889963554,-0.2651613341194603,-0.41208399908983595,-0.29456849550135084,-0.2651613341194603,-0.29456849550135084
2008-06-30,2736.103,9370.778,2791.819,2338.142,,3815.177605904354,55980.66105,-0.21211369900132837,-0.2955434682755509,-0.2634752923733621,-0.2651613341194603,,-0.2651613341194603,-0.34342127633899167,14.19,17.37,-3.1800000000000015,154820.15,443141.02,3324.0,-26.37873754,11199.0,,,,,,,,,-587.7499999999995,21783.86,-4688.98,3800.32,4388.07,20.19,2.96,20.64,,-0.5745250409177649,-0.19877256454179712,,-0.2523718298471507,-0.6839328732115652,,,,-0.42740057712956947,流出,-0.16166021527698338,-0.33452614905213734,0.08159743986246121,-0.19993866925105486,-0.32035265608333446,0.19305970296072705,-0.19993866925105486,0.19305970296072705
2008-09-30,2293.784,7559.269,2243.657,1870.657,,3052.376072423412,52468.08546,-0.16166021527698338,-0.1933146852908051,-0.19634582327865802,-0.19993866925105486,,-0.19993866925105486,-0.41020401319420297,9.43,15.29,-5.859999999999999,155748.97,452898.7,3745.0,32.09876543,10278.0,,,,,,,,,114.43000000000029,19329.04,-2454.8199999999997,4298.41,4183.98,16.15,2.25,18.68,,-1.1824757981803957,-0.5823818439440707,,-0.2526151486922139,-0.21751064805058296,,,,-0.5587458597168158,大幅流出,-0.20620032226225316,0.0346279335804941,0.21172089438238276,-0.1505059452374219,0.1998848532895126,0.43452915205727216,-0.1505059452374219,0.43452915205727194
2008-12-31,1820.805,6485.513,1817.722,1589.112,,2592.975326423237,76498.90327,-0.20620032226225316,-0.14204495170101772,-0.18983962343620264,-0.1505059452374219,,-0.1505059452374219,0.4640721652534261,9.06,17.82,-8.76,166217.13,475166.6,7645.0,1476.28865979,14239.0,,,,,,,,,2074.83,21411.05,2082.0099999999984,7692.21,5617.38,12.42,2.08,14.86,,-1.792435980900779,-0.1027466818187338,,-0.22171440409245485,1.0421591555597451,,,,-0.26868447781305566,中性,0.30338668885465503,0.6253041923764489,0.7998297456344856,0.4124699832359202,0.7554099396392451,1.0741105724454918,0.4124699832359202,1.0741105724454916
2009-03-31,2373.213,8981.953,2507.789,2244.573,,3662.4998158441845,112945.00098,0.30338668885465503,0.38492560264700715,0.37963285915007927,0.4124699832359202,,0.4124699832359202,0.9575911190091606,17.04,25.51,-8.470000000000002,176541.13,530626.71,18920.0,567.60762174,45812.0,,,,,,,,,-2696.1400000000003,21094.76,-316.2900000000009,4965.61,7661.75,17.09,3.16,19.37,,-1.6646906361767457,1.3309328894359054,,-0.20359329884677058,-1.8899611519575024,,,,-0.6068280493862783,大幅流出,0.2469854159740401,0.1711658414141501,0.31008257581599263,0.24279450924518842,0.19555568030088605,0.44569056118914396,0.24279450924518842,0.4456905611891438
2009-06-30,2959.362,11566.611,3166.474,2789.543,,4551.734661242666,130388.98635,0.2469854159740401,0.2877612474703444,0.2626556699945648,0.24279450924518842,,0.24279450924518842,1.3291791112209457,24.79,28.46,-3.6700000000000017,193138.15,568916.2,15304.0,360.40914561,27891.0,,,,,,,,,-1300.63,24066.19,2971.4300000000003,4643.74,5944.37,23.42,3.78,25.36,,-0.5683225445227001,1.8153791092585805,,-0.1896192660498266,-0.978493063143196,,,,0.019736058885714475,流入,-0.060802294548622404,0.10738023938943583,-0.18956518330640193,-0.03801016869071372,0.1815533942298076,-0.09883482706665582,-0.03801016869071383,-0.09883482706665578
2009-09-30,2779.426,11206.847,3004.805,2683.512,,4378.722458933464,144425.36775,-0.060802294548622404,-0.031103665542136838,-0.05105647480446718,-0.03801016869071383,,-0.03801016869071372,1.752632700122159,29.51,29.31,0.20000000000000284,201708.14,585405.34,5167.0,37.9706275,12962.0,,,,,,,,,-1101.2799999999997,23058.25,-1007.9399999999987,5187.13,6288.41,20.96,3.6,24.12,,0.3125990252578607,1.8912180799897826,,-0.17392637533324015,-0.8223661582737503,,,,0.3018811429101632,大幅流入,0.1790704267715708,0.11861405916185572,-0.044530057644995784,0.2282389644614966,0.20922060344801877,0.12132198402690185,0.2282389644614966,0.12132198402690204
2009-12-31,3277.139,13699.97,3575.684,3295.994,,5378.117538624736,122884.75144,0.1790704267715708,0.22246426671123465,0.18998870142987667,0.2282389644614966,,0.2282389644614966,0.6063596494486057,32.35,27.68,4.670000000000002,221445.81,610224.52,3800.0,-50.29431001,9278.0,,,,,,,,,231.03999999999996,29008.88,5950.630000000001,5703.67,5472.63,23.99,4.65,28.78,,1.3099470817588155,1.5485964125632676,-0.6561421288318489,-0.21180436002896796,0.006702082792902038,,,,0.3994598176508336,大幅流入,-0.05127460263357764,-0.268151274633148,-0.14313155468840344,-0.015484251488321887,-0.23730474023921172,-0.024559207328654176,-0.015484251488321887,-0.024559207328654017
2010-03-31,3109.105,12494.35,3345.607,3244.958,,5294.841414122916,90998.43348,-0.05127460263357764,-0.08800165255836323,-0.06434489177455283,-0.015484251488321887,,-0.015484251488321887,-0.19431198644981407,29.94,22.5,7.440000000000001,229397.93,649947.46,5107.0,-73.00739958,26040.0,0.06495609,0.06550885,,,969.440795,74.0,,,-1474.8700000000003,25496.79,-3512.09,3948.81,5423.68,21.38,4.78,27.54,,1.8674055089391401,0.616617155301429,-0.6447764141901804,-0.23780814280694626,-1.0323682142255857,,,,0.11381397860357137,大幅流入,-0.22859794056488925,-0.1458448653229788,-0.058214180608245764,-0.22530923358638244,-0.0726903090887464,0.011874729965688176,-0.22530923358638233,0.011874729965688344
2010-06-30,2398.37,9386.937,2563.07,2513.839,919.314,4101.864753145444,86054.0748,-0.22859794056488925,-0.24870545486559925,-0.2338998573353056,-0.22530923358638233,,-0.22530923358638244,-0.3400203712834524,24.56,18.46,6.099999999999998,240580.0,673921.72,6027.0,-60.61813905,20260.0,14.83660376,34.21785249,14.771647669999998,,935.824099095,78.0,,,-157.23000000000002,22713.49,-2783.2999999999993,3489.72,3646.95,14.51,3.5,18.47,-921.052451425,1.523516579799336,-0.10753985450588091,-0.5797846590802161,-0.24118296497153216,-0.19120873663992768,,,,0.08076007292035581,大幅流入,0.10727619174689473,0.1708272701876692,0.15164716036308,0.19700625219037504,0.27893910469206673,0.22742586140162507,0.19700625219037504,0.2274258614016252
2010-09-30,2655.658,11468.543,2935.574,3009.081,942.539,4909.957755154426,105873.98289,0.10727619174689473,0.22175561634215724,0.14533508643930904,0.19700625219037504,0.025263402928705547,0.19700625219037504,-0.266929456096192,20.87,18.96,1.9100000000000001,243821.9,696471.5,6004.0,16.19895491,16777.0,46.8592328,141.30142447999998,32.02262904,,1681.5030284,75.0,,,-722.6800000000003,25202.58,2489.09,3437.74,4160.42,14.7,4.21,20.0,-1649.4803993599999,0.5912551248624134,-0.016905512507515645,-0.40140971951990667,-0.2369776274505501,-0.5441538643874166,,,,-0.12163831980059511,流入,0.05739406203660269,0.10259340622926602,-0.11162506617945533,0.06844814081109818,0.09119395589550429,-0.12585669844048744,0.06844814081109818,-0.12585669844048733
2010-12-31,2808.077,12458.552,3128.261,3215.047,1137.662,5246.03523495578,138044.10657,0.05739406203660269,0.0863238686902077,0.06563861105187607,0.06844814081109818,0.20701848942059686,0.06844814081109818,0.1233623777755839,21.19,19.72,1.4700000000000024,266621.54,725851.79,4807.0,26.5,16373.0,127.60582781,514.0190678600001,80.74659501,,949.460565,81.0,,,-1104.4199999999992,27758.55,2555.9699999999975,5865.56,6969.98,14.99,4.38,21.6,-868.71396999,0.4886146327420379,0.12082466715739026,-0.3623722169276212,-0.2217058191992284,-0.771645522360317,,,,-0.14925685171754768,流入,0.042745978831777,-0.01638167329457128,-0.21675331552517968,0.0212886467911666,-0.04027810479909019,-0.2767999970140406,0.0212886467911666,-0.2767999970140406
2011-03-31,2928.111,12562.901,3223.288,3283.491,1008.296,5357.716226126769,98428.60519,0.042745978831777,0.008375692456073613,0.030376941054470752,0.0212886467911666,-0.11371215703785487,0.0212886467911666,0.08165164416410553,15.01,16.63,-1.6199999999999992,266255.58,758130.98,6794.0,33.03309183,22434.0,207.825487,640.89382951,80.21965919000002,,948.3149500000002,86.0,,,-1094.37,26206.27,-1552.2799999999988,4767.53,5861.9,15.02,4.13,22.77,-868.0952908100002,-0.20042214760819033,-0.443545509470773,-0.333656869254267,-0.2216977903061861,-0.7436879856226667,,,,-0.38860206045241663,流出,-0.056703792991454116,-0.1942860089661902,-0.22721918670432917,-0.06028339958903506,-0.19891115888546682,-0.2627109378402438,-0.06028339958903495,-0.26271093784024385
2011-06-30,2762.076,12110.931,3044.089,3085.551,845.919,5034.7348779825115,90058.22162,-0.056703792991454116,-0.03597656305657426,-0.055595094201945416,-0.06028339958903495,-0.1610410038322081,-0.06028339958903506,0.0465305893916832,13.1,15.9,-2.8000000000000007,274662.68,780820.97,6339.0,5.17670483,19285.0,271.32908661,701.2728121199999,63.50359960999998,,610.199062,74.0,,,-541.7000000000007,26409.27,203.0,4701.57,5243.27,13.43,3.62,16.48,-546.6954623900001,-0.46185027830681535,-0.5727644270036956,-0.38243466670444054,-0.22148402248777266,-0.36716910408347714,,,,-0.4011404997172402,流出,-0.14585261231045066,-0.20370873212757365,-0.19429045399185257,-0.14752081556908314,-0.24644836530007116,-0.1975410550660157,-0.14752081556908314,-0.1975410550660158
2011-09-30,2359.22,10292.334,2581.351,2630.368,791.134,4292.006682608423,82582.10471,-0.14585261231045066,-0.15016161845856435,-0.15201198125284765,-0.14752081556908314,-0.06476388401253541,-0.14752081556908314,-0.219996240286904,8.85,13.04,-4.1899999999999995,267193.2,787406.24,4693.0,-21.83544304,15093.0,333.86311654,793.38249719,62.53402993000003,,520.4358900000001,60.0,,,-274.8399999999997,23441.7,-2967.5699999999997,3900.86,4175.7,11.13,3.04,14.19,-457.90186007000005,-0.7674354172242347,-1.0865932724375544,-0.42996718243471693,-0.22955246190603085,-0.18289299430672482,,,,-0.5392882656618523,大幅流出,-0.06773552275752148,-0.04087452632649768,-0.11573782860436929,-0.11604688013236164,-0.07964132775337888,-0.11997712867553119,-0.11604688013236175,-0.11997712867553122
2011-12-31,2199.417,8918.816,2345.742,2325.122,729.504,3793.9326975844683,67667.23069,-0.06773552275752148,-0.13345058564947465,-0.0912735230505266,-0.11604688013236175,-0.07790083601513775,-0.11604688013236164,-0.5098144182222875,7.85,13.61,-5.76,289847.73,851590.94,6406.0,33.26399001,17903.0,375.47763869,773.4444989599998,41.61452214999997,,521.0114484000001,44.0,,,1558.3100000000004,25534.51,2092.8099999999977,6486.6,4928.29,10.26,2.52,13.41,-479.3969262500001,-1.1053545345221056,-0.9661582237357559,-0.28453887895611707,-0.2384751009830904,1.0454817551357687,0.9851542941142036,,,-0.09398178149118275,流入,0.02881263534836731,0.011827679789689696,0.03169521741443297,0.041184935672192724,0.06490240082025807,0.06595524879984811,0.041184935672192724,0.06595524879984803
2012-03-31,2262.788,9410.262,2454.899,2420.882,678.519,3950.1855716791133,86801.01819,0.02881263534836731,0.05510215705761845,0.04653410306845318,0.041184935672192724,-0.06988995262534548,0.041184935672192724,-0.11813219315213175,4.4,13.4,-9.0,277998.11,895565.5,10114.42,48.87282897,24602.42,458.93676952,1478.34706878,83.45913082999999,,353.23016870000004,46.0,,,-571.869999999999,25738.72,204.21000000000276,7972.34,8544.21,10.73,2.55,13.86,-269.77103787000004,-1.782027763117494,-0.9902474365674352,-0.23751317869709682,-0.2228090330990285,-0.4143324907310301,1.2111884682878038,1.0272551302187911,,-0.2012123291007842,中性,-0.01650927970273841,-0.07805371073207046,-0.01156405284100855,0.0227793010976991,-0.04382617574916907,0.04621497454233648,0.0227793010976991,0.04621497454233617
2012-06-30,2225.431,9500.317,2461.612,2476.028,726.684,4040.168038208178,84841.4838381,-0.01650927970273841,0.009569871699640187,0.0027345320520315575,0.0227793010976991,0.07098548456270204,0.0227793010976991,-0.05792628022249857,4.7,13.6,-8.899999999999999,287526.17,924991.2,9198.17,45.10443288,23948.28,598.38187129,1683.50910479,139.44510177000006,,346.8000592,49.0,,,328.27000000000044,30002.6,4263.879999999997,9144.53,8816.26,10.2,2.55,11.9,-207.35495742999996,-1.7078975740364166,-0.9397699229028248,-0.2404151149540689,-0.21922512345547174,0.21088074486408642,1.0834856072864105,2.013242377904778,,0.028614427815213235,流入,-0.06257754115944292,0.01963529761201313,-0.11064148922163848,-0.06512204223861762,0.000988680257250878,-0.060132195597141634,-0.0651220422386175,-0.0601321955971418
2012-09-30,2086.169,8679.219,2293.106,2314.784,689.64,3777.0640445728723,94746.0077537,-0.06257754115944292,-0.08642848443899298,-0.06845351745116612,-0.0651220422386175,-0.05097676569182752,-0.06512204223861762,0.14729466010118597,7.3,14.8,-7.500000000000001,286788.21,943688.75,6226.23,32.67057319,18666.89,685.38290872,1723.2324512000002,87.00103743,,258.0894574,41.0,,,-874.8899999999994,25140.39,-4862.209999999999,9231.85,10106.74,9.68,2.33,11.25,-171.08841997000002,-1.3706150088048892,-0.7085967724803791,-0.2665364136686741,-0.2103694666798993,-0.6289269268642674,1.1540072328976563,0.5310189453852432,,-0.21428834431645855,中性,0.08770094848499821,0.07211879766212623,0.042420340825695485,0.07071588536986617,0.09416818156683325,0.16791026722147745,0.07071588536986595,0.16791026722147712
2012-12-31,2269.128,9116.484,2522.952,2478.476,713.863,4044.1624725835304,102595.8358836,0.08770094848499821,0.050380685174553186,0.10023348244695196,0.07071588536986595,0.0351241227307002,0.07071588536986617,0.5161819811071686,6.5,13.8,-7.300000000000001,308664.23,974148.8,4546.08,-29.0340306,14820.16,856.94391725,2380.88697448,171.56100852999998,,28.08072,4.0,,,1112.7600000000002,28377.72,3237.3300000000017,11631.45,10518.69,10.49,2.31,12.3,143.48028853,-1.3010923844561522,-0.8839711849799652,-0.4249903589311364,-0.19552691900765887,0.7749343028600051,1.4596681383863717,2.066787031705182,,0.21368694651094952,大幅流入,-0.01432576743136571,-0.1277680236637158,-0.06749288713549871,0.021903379334720308,-0.06106050653708156,0.07095892798639157,0.021903379334720086,0.0709589279863916
2013-03-31,2236.621,8889.769,2495.083,2532.763,866.455,4132.7432973117675,136746.6638401,-0.01432576743136571,-0.02486868841101464,-0.011046187164876708,0.021903379334720086,0.21375530038676893,0.021903379334720308,0.5754039145113856,11.9,15.7,-3.799999999999999,310898.29,1035858.37,10625.0,5.04804032,27546.0,1608.28647813,5712.99153652,751.34256088,,,0.0,,,4790.399999999994,28701.97,324.25,118527.28,113736.88,10.1,2.36,12.18,751.34256088,-0.5363974584743795,-0.5237436581377934,-0.32001367976051015,-0.19216653891174543,2.9211799119312736,,3.0997843829792453,,0.741440493271015,大幅流入,-0.11509102346799038,-0.02770071460475417,-0.09090275017537615,-0.08118564587369603,0.06739556760739157,0.01508747561457574,-0.08118564587369592,0.01508747561457598
2013-06-30,1979.206,7694.466,2200.639,2327.139,1011.658,3797.2238634893233,117128.7358328,-0.11509102346799038,-0.13445827445010095,-0.11800970148087253,-0.08118564587369592,0.1675828519657685,-0.08118564587369603,0.3805597277896815,9.1,14.0,-4.9,313499.82,1054403.69,8628.0,-6.19873301,23245.0,2185.21650365,6501.904812129999,576.9300255200001,,,0.0,,,-12152.779999999999,26007.24,-2694.7299999999996,191414.31,203567.09,8.68,2.15,10.16,576.9300255200001,-0.7678274021004842,-0.8335224380661285,-0.3438956796593455,-0.19827778038163746,-4.688588192475521,,1.8025167372499484,,-0.8382657925721947,大幅流出,0.09875626892804501,0.0691044792709805,0.034923600676230904,0.16170972167971054,0.14060483709825652,0.145129706476493,0.16170972167971054,0.1451297064764934
2013-09-30,2174.665,8514.569,2409.037,2703.46,1367.912,4411.271877609737,163475.9796845,0.09875626892804501,0.10658348480583313,0.09469885792263044,0.16170972167971054,0.35214865102633497,0.16170972167971054,0.7254128544336049,8.9,14.2,-5.299999999999999,312330.34,1077379.16,7870.0,26.40072725,21995.0,2827.1317421,10020.70121328,641.9152384499998,,,0.0,,1.0,8286.01999999999,29432.96,3425.7199999999975,204945.59,196659.57,9.02,2.59,11.19,641.9152384499998,-0.8452752977528651,-0.7869788325834178,-0.2417818998341835,-0.184216656393603,2.8666115550167657,,1.7456696164340328,,0.4256714141477882,大幅流入,-0.026986685305552816,-0.06500265558143442,0.08700420524540557,-0.018167089581499374,-0.04900534870129397,0.19080844547357811,-0.018167089581499263,0.1908084454735783
2013-12-31,2115.978,8121.788,2330.026,2654.346,1304.444,4331.131906240852,137629.0503184,-0.026986685305552816,-0.04613046180023905,-0.032797752794996526,-0.018167089581499263,-0.04639772149085619,-0.018167089581499374,0.341468190527215,9.3,13.6,-4.299999999999999,337291.05,1106524.98,4825.0,6.13539577,16131.0,3434.70148942,10656.34293994,607.5697473200003,,,0.0,,0.0,-3586.170000000013,30687.98,1255.0200000000004,200956.03,204542.2,8.62,2.59,10.99,607.5697473200003,-0.6201787166397376,-0.8894161886219921,-0.2964604442329083,-0.19759887026970804,-1.2275582818116744,,1.4313903796002185,,-0.29997035366263364,中性,-0.03907034950268862,-0.031971504429630156,0.5286912245779493,-0.031408866816910797,0.0039670788962704465,0.4849714392923907,-0.031408866816910797,0.4849714392923907
2014-03-31,2033.306,7189.578,2146.305,2570.976,1327.8,4195.09596103126,130130.108155,-0.03907034950268862,-0.11477891321467626,-0.07884933472845368,-0.031408866816910797,0.017904946475279848,-0.031408866816910797,-0.04838549986738139,5.4,12.1,-6.699999999999999,327683.74,1160687.38,10497.0,-1.20470588,30135.0,3926.25476065,10780.626982389998,491.55327123000006,,301.88839462929997,42.0,,0.0,4067.1699999999837,35836.56,5148.579999999998,270261.74,266194.57,8.11,2.61,10.66,189.6648766007001,-1.130980400089763,-1.1548291485348994,-0.3123047571637323,-0.211213597161587,1.3666128751997766,0.7901213910597882,0.9330753431861367,,0.04006881521367424,大幅流入,0.007387476356239597,0.1625746444460401,0.8432537945592058,0.0365230947313393,0.2521715488592658,0.9401188498064547,0.03652309473133952,0.9401188498064547
2014-06-30,2048.327,7343.275,2165.118,2664.876,1404.71,4348.313848223064,112402.13523659999,0.007387476356239597,0.02137774984846108,0.008765296637709863,0.03652309473133952,0.05792287995180012,0.0365230947313393,-0.04035389405164569,8.9,14.7,-5.799999999999999,341487.45,1209587.2,10793.0,25.09272137,27246.0,4034.10904442,9565.10234196,107.85428376999971,,18.148049,4.0,,0.0,-8.369999999995343,37041.45,1204.8899999999994,250094.01,250102.38,8.15,2.74,9.8,89.70623476999971,-0.9218106706284643,-0.6577570311358255,-0.22495082132227415,-0.2097053469644473,-0.02526099902777734,1.2902586127249682,-0.5024668631747933,,-0.17881330278980193,中性,0.15404913375647533,0.579179984445843,1.088153893396904,0.20804983046115466,0.47910371814673564,1.2580750473943254,0.20804983046115444,1.2580750473943247
2014-09-30,2363.87,8080.346,2450.988,3219.303,1540.874,5252.979807137764,217912.1570742,0.15404913375647533,0.10037360714395138,0.13203437410801633,0.20804983046115444,0.09693388670971226,0.20804983046115466,0.3329919018975078,4.8,12.9,-8.100000000000001,327220.21,1202051.41,8572.0,8.91994917,19449.0,6074.106667,22582.17169797,2039.99762258,,147.18292399999999,27.0,,0.0,-3859.8399999999674,40215.07,3173.6200000000026,278044.76,281904.6,8.74,3.52,11.48,1892.8146985800001,-1.3998299808174177,-0.985967379529047,-0.27151790278736304,-0.19424830209120855,-1.3125912486431348,0.9404541381382622,3.4537863243790303,,0.03286937837844591,流入,0.36838193301662114,0.5854928570522069,0.29143353906940733,0.22437310187950632,0.5494033957039769,0.31040445711385367,0.22437310187950632,0.3104044571138535
2014-12-31,3234.677,11014.624,3533.705,3941.628,1471.764,6431.607180575675,361420.4406976,0.36838193301662114,0.3631376676196787,0.44174716481680054,0.22437310187950632,-0.044851168882076076,0.22437310187950632,1.626047624839861,3.2,12.2,-9.0,348056.41,1228374.81,6973.0,44.51813472,20983.0,10173.72873368,51863.33223027,4099.62206668,685.7047,280.476047,44.0,,0.0,-0.5700000000069849,47131.21,6916.139999999999,283946.54,283947.11,12.74,3.28,15.99,4504.85071968,-1.5607088520197832,-1.1025996062910441,-0.1523357008846932,-0.1434509205501791,0.009558161830523867,0.6181303327320791,3.6105953722992026,,0.18274125530230087,大幅流入,0.15866251869970327,0.32230265958548554,0.09413768360797686,0.26546670563533636,0.5266509168292899,0.3479338993938547,0.26546670563533636,0.3479338993938545
2015-03-31,3747.899,13160.664,4051.204,4987.999,2335.171,8138.9847507436725,370739.2854561,0.15866251869970327,0.1948355204862191,0.14644657661010196,0.26546670563533636,0.5866477234121774,0.26546670563533636,1.848989297807289,2.9,11.6,-8.7,337210.52,1275332.78,9919.861996,-5.49812331,36064.727516,14858.80151784,67054.32573052,4685.07278416,368.4829,473.507962,67.0,,0.0,17090.53999999998,55581.83,8450.620000000003,320652.85,303562.31,14.46,4.53,18.96,4580.04772216,-1.4655501280758245,-1.1972110321345295,-0.31303967556463697,-0.13405765567698286,4.3511896343338465,0.1772203313103027,2.9513369922894963,,0.6242697809259532,大幅流入,0.14123192754127034,-0.18546871193700795,-0.19850695016060993,0.2063935858848409,-0.15425223621736883,-0.11490038390144008,0.2063935858848407,-0.1149003839014401
2015-06-30,4277.222,14337.965,4472.998,6017.49,2858.606,9818.818998911696,674796.8522914,0.14123192754127034,0.08945604872216162,0.10411571473566861,0.2063935858848407,0.22415274941321228,0.2063935858848409,5.003416668829214,4.3,11.8,-7.500000000000001,356082.86,1333375.36,13239.5588,22.66801445,29794.801001,20446.6650614,124245.46088251,5587.863543559999,165.42579999999998,965.51506246,114.0,,0.0,255.30999999999767,85210.31,29628.479999999996,439186.83,438931.52,16.11,5.72,20.93,4787.774281099999,-1.1894894398134268,-1.1426179877517697,-0.21395473758706396,-0.010688955423262737,-0.027169807415422693,-0.9176260019445176,2.7512904944220957,,-0.10717949078762398,流入,-0.28627015385219656,-0.17255124938569938,-0.3150680511790127,-0.29894540747055665,-0.11706475623557318,-0.2587804882102005,-0.29894540747055665,-0.2587804882102004
2015-09-30,3052.781,9988.25,3202.948,4218.589,2082.673,6883.528152402397,448439.3406138,-0.28627015385219656,-0.3033704573835966,-0.28393708201971024,-0.29894540747055665,-0.2714375468322673,-0.29894540747055665,1.0578904207767743,11.4,13.1,-1.6999999999999993,364416.9,1359824.06,10417.24486,21.52642161,24063.633412000003,9040.50976067,63861.09611689999,-11406.155300729999,-86.08510000000001,12.353835,5.0,,0.0,42609.84999999998,80963.36,-4246.949999999997,446979.12,404369.27,11.22,3.68,15.11,-11504.59423573,0.05202897600462803,-0.8879073637429798,-0.21429213257603047,-0.1648737753355772,5.6810281196855845,1.2192979792955119,-3.8050201447027585,,0.2686088083754827,大幅流入,0.15933045966939652,-0.01600704406899798,-0.01574891877275165,0.2594386416880148,0.04652906457585706,0.08744772244937817,0.2594386416880148,0.08744772244937854
2015-12-31,3539.182,12664.89,3731.005,5313.054,2714.048,8669.381346282884,365763.8567534,0.15933045966939652,0.2679788751783345,0.1648659297622066,0.2594386416880148,0.30315608835376473,0.2594386416880148,0.01201762702578879,15.2,13.3,1.8999999999999986,400953.44,1392278.11,8323.083231,19.36158369,22769.741326,11713.07207674,63200.07701308,2672.5623160699997,-262.5385,94.24449575999999,24.0,,0.0,-20720.660000000033,97189.87,16226.509999999995,503164.66,523885.32,13.01,5.28,17.63,2315.7793203099995,0.8192186363313682,-0.8413223897973856,-0.21831408225949375,-0.20509035606727619,-2.7325341585602603,0.9793914806449645,0.7045022285202319,,-0.2134498058839788,中性,-0.15124031485241496,-0.1722364094302015,-0.1230637474987156,-0.16905117094612632,-0.16050523860664695,-0.13013362935893377,-0.1690511709461262,-0.13013362935893347
2016-03-31,3003.915,10455.369,3218.088,4414.876,2238.286,7203.812278315258,248009.9133055,-0.15124031485241496,-0.17446033877909706,-0.13747421941273197,-0.1690511709461262,-0.17529608908906535,-0.16905117094612632,-0.3310395659839849,22.05,13.4,8.65,411581.31,1446198.03,13175.5618,32.82001106,46651.074328999995,8786.25903323,27367.85521821,-2926.8130435099993,144.2425,116.643143,24.0,,0.0,-1463.0599999999977,80894.46,-16295.409999999989,453138.38,454601.44,11.44,4.09,15.1,-2899.213686509999,2.1945851795593576,-0.8141772229479599,-0.1678784505505186,-0.2175499005604448,-0.2851669664958917,0.8877743607943951,-1.0677379440344807,,0.07569272225206526,大幅流入,-0.024737384380050575,0.0002623243334116172,0.07277136669979019,0.010284547063156513,0.03909939939422976,0.06522380243522127,0.010284547063156513,0.06522380243522151
2016-06-30,2929.606,10489.993,3153.921,4460.281,2227.791,7277.900224725735,223506.8663538,-0.024737384380050575,0.0033116000018746927,-0.019939479591608578,0.010284547063156513,-0.004688855669025216,0.010284547063156513,-0.6687790323934673,24.59,11.78,12.81,443643.7,1490491.83,13141.10751,-0.74361458,28157.427917,8508.93091485,28300.450813049996,-277.3281183800009,83.4199,171.06146099999998,37.0,,0.0,-5544.950000000012,81463.56,569.0999999999913,421632.37,427177.32,11.37,4.23,14.43,-364.9696793800009,2.8928748827739543,-1.1057864898198166,-0.2845240025756641,-0.22980509538130825,-0.7948631310362556,0.7354498490250355,-0.20440832282317498,,0.1441339557375386,大幅流入,0.025633822432094888,0.059404233879914246,0.08971206366999519,0.02852152140190256,0.036178438084954655,0.03696717762849459,0.028521521401902783,0.036967177628494816
2016-09-30,3004.703,10567.577,3253.285,4587.495,2149.901,7485.477011746162,234366.7900479,0.025633822432094888,0.007396001122212281,0.031504910871261504,0.028521521401902783,-0.034962884758938495,0.02852152140190256,-0.47737236941096395,24.7,11.5,13.2,454340.25,1516360.5,12628.06365,21.22268239,25147.483013,8686.65604391,30491.20749724,177.72512905999974,222.9565,480.09798748060007,63.0,,0.0,4081.390000000014,91229.05,9765.490000000005,405049.43,400968.04,12.05,4.26,15.09,-79.41635842060032,2.809895704007707,-1.1428422204539237,-0.2011298517219805,-0.220973697671932,0.4384253775490609,0.014655166801992836,-0.0528126908675913,0.20260753356731162,0.2309781651513306,大幅流入,0.0329263824078454,0.07249002646850623,0.11456706369980672,0.007444585770665757,0.025141389799879985,0.0659283552352646,0.007444585770665757,0.0659283552352646
2016-12-31,3103.637,10177.138,3310.081,4621.647,1962.059,7541.203287394453,235734.5956046,0.0329263824078454,-0.036946880065316656,0.017458046251711767,0.007444585770665757,-0.08737239528703877,0.007444585770665757,-0.3555005743404178,21.35,11.33,10.020000000000001,486557.24,1550066.67,9942.78798,19.46039351,24416.380626,9357.69676921,28578.492693260003,671.0407253000012,156.174,731.7525725158999,101.0,,0.0,-16539.179999999993,91304.57,75.52000000000407,321005.94,337545.12,12.31,4.08,15.91,95.46215278410125,2.126404032463341,-1.1587603039414718,-0.2047275446898192,-0.21495208215258435,-2.111983724764951,-0.5698141404687332,0.11172341453211715,-0.030090288572083637,-0.25652507969927313,中性,0.038302481894628704,0.028608371404258898,0.06557951203700688,0.01756603219588171,0.0007612004984369851,0.03368431210778312,0.01756603219588171,0.03368431210778312
2017-03-31,3222.514,10428.723,3456.046,4702.831,1907.338,7673.672307136513,198706.5122942,0.038302481894628704,0.024720604161995174,0.04409710819765422,0.01756603219588171,-0.02788957926341662,0.01756603219588171,-0.19879608985858488,18.8,10.1,8.700000000000001,488770.09,1599609.57,11586.05628,-12.0640436,45036.22931000001,9180.24668375,19526.782794360002,-177.450085460001,466.11279999999994,682.7143682043,130.0,,0.0,-10099.679999999993,94294.26,2989.689999999988,261733.43,271833.11,12.85,4.02,16.85,-394.051653664301,1.8302993922303419,-1.3670348601685525,-0.3187012657202321,-0.20754887982203754,-1.2738286422976008,-0.4404572195166361,-0.17720456585904754,1.010373996440081,-0.11801275558921046,流入,-0.009336499391468855,0.039233033588062086,-0.01663825199828452,-0.016514733359544564,0.03978667317622082,-0.017166893728479706,-0.016514733359544564,-0.01716689372847982
2017-06-30,3192.427,10529.609,3666.798,4625.165,1818.067,7546.9436550956325,205209.2943655,-0.009336499391468855,0.009673859397742124,0.06098066981747352,-0.016514733359544564,-0.04680397496405986,-0.016514733359544564,-0.08186581596708464,15.0,9.1,5.9,510228.17,1631282.53,14474.35431,10.14561976,37060.40133,8756.06340707,22347.850927710002,-424.18327667999984,498.79669999999993,559.3566788315,112.0,,0.0,9308.199999999983,103021.09,8726.830000000002,270073.68,260765.48,13.39,3.62,16.98,-484.74325551149985,1.2910994664326965,-1.5244590883009823,-0.23081503692550995,-0.20177503114010387,1.1109581282704768,-0.1339741519858783,-0.25898612343608257,1.0206326533973378,0.13408510203899424,大幅流入,0.04902727611312652,0.035942873556701546,-0.10807106944027223,0.05724682254579028,0.0328980695823824,-0.1176874770954116,0.05724682254579028,-0.1176874770954118
2017-09-30,3348.943,11087.187,3836.501,4889.941,1866.982,7978.98219928197,269247.2008385,0.04902727611312652,0.05295334328178747,0.04628097866312797,0.05724682254579028,0.026904949047532378,0.05724682254579028,0.14882829936558473,14.0,9.0,5.0,517863.04,1655662.07,11884.84372,-5.88546234,32502.556693000002,9657.01460511,33132.66771494,900.9511980400002,702.4914,493.8758779787,101.0,,0.0,6167.849999999977,113655.11,10634.020000000004,284570.97,278403.12,13.83,3.7,18.01,1109.5667200613002,1.110683212025136,-1.5140887362123452,-0.28874660284806325,-0.19139497477048803,0.7120593345171681,0.03005048300635533,0.21002345156610536,1.5011373064025137,0.1962154342107978,大幅流入,-0.012472890700140349,-0.05376203775340462,-0.15754015520718034,-0.02303033922086184,-0.05477428050767886,-0.2076908494396966,-0.02303033922086184,-0.20769084943969682
2017-12-31,3307.172,11040.45,4030.855,4777.324,1752.652,7795.223532595288,199907.8935903,-0.012472890700140349,-0.004215406486785089,0.05065918137386127,-0.02303033922086184,-0.061237869459909056,-0.02303033922086184,-0.15197897416123218,11.8,8.1,3.700000000000001,543790.15,1676768.54,5769.490608,-41.97311036,23833.201343,10217.57693531,27535.863820890005,560.5623302000004,329.9759,543.8286836699,86.0,,0.0,-3001.359999999986,117372.42,3717.3099999999977,288140.76,291142.12,14.05,3.18,18.08,346.7095465301004,0.8625029345088406,-1.6448358520641646,-0.4236094102312804,-0.20274226354820402,-0.42390185043864065,-0.09626486181133215,0.0851928988810851,0.22256839133676196,-0.20263625167086674,中性,-0.0418106466793986,-0.13901726308761683,-0.245912822193705,-0.03249224879869972,-0.1457893582264881,-0.284212249368056,-0.03249224879869983,-0.28421224936805617
2018-03-31,3168.897,10868.655,3898.498,4622.098,1900.482,7541.939190132723,224855.521343,-0.0418106466793986,-0.01556050704454981,-0.03283596160119873,-0.03249224879869983,0.08434646467182305,-0.03249224879869972,0.13159613515879354,7.1,8.2,-1.0999999999999996,523540.07,1739859.48,11424.56835,-1.39381275,48474.30882,9957.63369815,28064.497201389997,-259.9432371599996,421.90840000000003,401.9852944316001,36.0,,0.0,9867.679999999993,125267.43,7895.009999999995,287406.91,277539.23,13.37,3.03,17.67,-240.0201315915997,-0.023711043130944943,-1.5944555650513492,-0.25984105776857774,-0.19011712694764935,1.1637771405933584,0.26918996544081647,-0.21397896613943077,0.5246454489639529,-0.04056140050497803,流入,-0.1014482326184789,-0.10967443877159783,-0.02465810659040051,-0.11710201730902281,-0.16177783335619447,-0.030497406156251808,-0.11710201730902292,-0.03049740615625192
2018-06-30,2847.418,9379.475,3510.985,4080.841,1606.715,6658.762896546203,186689.8739541,-0.1014482326184789,-0.1370160337226639,-0.09940058966299326,-0.11710201730902292,-0.1545749972901611,-0.11710201730902281,-0.09024649915912142,6.0,8.3,-2.3000000000000007,543944.71,1770178.37,16787.34188,15.97990156,39170.87599,9129.08972436,19310.670688399998,-828.5439737900015,1179.9377,519.9337309386,25.0,,0.0,2909.459999999992,128856.37,3588.9400000000023,258246.94,255337.48,11.81,2.48,14.02,-168.5400047286015,-0.2451271206671,-1.5468920905501942,-0.18804766505996004,-0.1983485104036518,0.2919164009755748,-0.043338100592946446,-0.4195061678822247,2.392486976367152,0.005392965273331163,流入,-0.009154960739870321,-0.12415528735155845,0.04616814250664989,-0.050601334381810026,-0.16204772496649578,0.05084442152977778,-0.050601334381810026,0.05084442152977778
2018-09-30,2821.35,8401.089,3438.865,3874.345,1411.34,6321.820608648878,188168.536513,-0.009154960739870321,-0.10431138203364265,-0.020541244123800095,-0.050601334381810026,-0.12159903903305813,-0.050601334381810026,-0.30113094610826663,4.0,8.3,-4.300000000000001,538574.08,1801665.58,14340.99924,20.6662837,40342.15,8151.42886785,13617.46846446,-977.6608565099996,815.0694000000001,231.3552304758,24.0,,0.0,5226.869999999995,134926.15,6069.779999999999,260006.25,254779.38,11.58,2.21,14.0,-393.9466869857995,-0.6138653518133944,-1.5190139809025078,-0.1670928271868156,-0.20613406019023447,0.5770669487872709,0.7185492056071447,-0.46766489357900043,1.2409001226307892,-0.05465685458084346,流入,-0.11606287770039159,0.09548903893526135,0.029715916139436752,-0.1173862936831902,0.15661769924980887,0.10848104647366198,-0.1173862936831902,0.10848104647366198
2018-12-31,2493.896,7239.789,3010.654,3419.55,1250.525,5579.7255180695765,216915.6754636,-0.11606287770039159,-0.13823207919830394,-0.12452102655963515,-0.1173862936831902,-0.11394490342511365,-0.1173862936831902,0.08507809055382531,1.5,8.1,-6.6,551685.91,1826744.22,9281.464384,60.87147054,28725.075935,7489.80879084,13927.42440272,-661.6200770099995,525.2635,223.9229989316,18.0,,0.0,-4565.8000000000175,129788.1,-5138.049999999988,220361.09,224926.89,10.09,1.98,12.43,-360.27957594159943,-1.0330750410696448,-1.5267220021351138,-0.0024220493207019545,-0.189086947328399,-0.6553819662996301,0.7212123457062012,-0.3408227313541315,0.421350528210148,-0.32561848294890894,中性,0.23932914604297828,0.19446761212175642,0.22303576412167936,0.3104461113304382,0.25406237662850356,0.3416584053457327,0.3104461113304382,0.3416584053457327
2019-03-31,3090.758,9906.864,3872.341,4481.136,1693.547,7311.9296074454915,378171.7118246,0.23932914604297828,0.36839126112653275,0.2862125637818227,0.3104461113304382,0.3542688071010176,0.3104461113304382,0.6818431211556857,4.6,8.6,-4.0,547575.54,1889412.14,19584.39553,71.42350529,62893.39692200001,9132.37386617,31775.10243309,1642.5650753300006,1254.3583999999998,255.63285860579998,31.0,,0.0,3269.0899999999965,138625.5,8837.399999999994,241047.97,237778.88,12.5,2.61,15.45,2641.290616724201,-0.5426184491500512,-1.4153216438797662,0.040849048695802255,-0.16325930901003383,0.33883857786734495,0.6208893454159761,0.5460939576336657,2.0802829863178274,0.18821931423634564,大幅流入,-0.03619824004338079,-0.06003996430649043,-0.11015485521674613,-0.04302636652848757,-0.04161846460361853,-0.04402633617904044,-0.04302636652848757,-0.04402633617904044
2019-06-30,2978.878,9178.313,3825.587,4288.329,1511.507,6997.323844125041,356417.58196630003,-0.03619824004338079,-0.07354002235217916,-0.01207383337366208,-0.04302636652848757,-0.10749037375402037,-0.04302636652848757,0.9091425497128445,4.4,8.5,-4.1,567696.18,1921360.19,16736.89983,-0.30047669,37325.186094000004,9019.62675393,30822.528777990006,-112.7471122400002,-290.6767000000001,348.6047058526,33.0,,0.0,-4760.520000000019,134726.87,-3898.6300000000047,231900.27,236660.79,12.22,2.38,13.82,-752.0285180926003,-0.557584910017798,-1.4103394909324822,-0.25680417133884864,-0.15296481456504984,-0.6827665165404134,0.3572564673412908,-0.14212624517804348,-1.6155414383440918,-0.5576088899469296,大幅流出,-0.02473716614107735,0.02391705870465317,0.0019456990182208562,0.0014712024194039053,0.06984981795939649,0.148217172702934,0.0014712024194039053,0.148217172702934
2019-09-30,2905.189,9446.238,3814.528,4294.638,1627.545,7007.618323893871,277539.9026098,-0.02473716614107735,0.029191094267541295,-0.002890798196459876,0.0014712024194039053,0.07676974039815887,0.0014712024194039053,0.4749538246561513,3.4,8.4,-5.0,557137.95,1952250.49,17612.4407,22.81180973,38743.695590999996,9372.78679141,25663.330354550002,353.16003748,898.9327,797.1698091338001,63.0,,0.0,-5683.5500000000175,137645.67,2918.8000000000175,201516.68,207200.23,11.72,2.29,13.82,454.9229283461998,-0.7216187163646861,-1.4056762604133997,-0.15720526062846446,-0.17058437484349206,-0.7911421838083046,-0.8797523581411564,0.04304455046893157,1.141571458650258,-0.36767039313503924,流出,0.049888320518906015,-0.053315980474936436,0.10769110030362924,0.06827816453913016,-0.0025124352739392345,0.24951858573411761,0.06827816453913016,0.24951858573411761
2019-12-31,3050.124,10430.767,4096.582,4587.868,1798.118,7486.08564084012,249803.5120976,0.049888320518906015,0.10422445422188176,0.07394204473004273,0.06827816453913016,0.10480386102995598,0.06827816453913016,0.1516157675728642,4.4,8.7,-4.299999999999999,576009.15,1986488.82,10769.81577,16.03573881,29872.627544000003,10055.04471274,25191.87664879,682.2579213299996,1654.8132,1085.6916032645,73.0,,0.0,985.5,145553.53,7907.859999999986,203167.54,202182.04,12.3,2.37,14.55,1251.3795180654997,-0.5852408927123961,-1.3340973808489982,-0.18423862483450518,-0.18351049707173311,0.07010671007366973,-1.6052934069072782,0.17376325856382144,2.3886991833503832,-0.15747645629837953,中性,-0.0983002658252583,-0.021458143996768698,0.13866485428133415,-0.06626607391494277,0.07325079971786447,0.27062526646363816,-0.06626607391494277,0.27062526646363816
2020-03-31,2750.296,9962.305,3686.155,4283.848,1871.917,6990.012136430617,438473.9446452,-0.0983002658252583,-0.04491155827754556,-0.10018766864669137,-0.06626607391494277,0.04104235650830468,-0.06626607391494277,0.1594572807406831,5.0,10.1,-5.1,575050.29,2080923.41,30390.0,55.17456208,72516.0,10474.44346031,50427.436360750005,419.3987475699996,-178.97090000000006,770.3699184968998,50.0,,0.0,15099.570000000007,166785.71,21232.179999999993,254955.56,239855.99,10.85,2.28,13.43,-529.9420709269002,-0.7312925460856496,-1.0795586000963158,-0.014779325536595205,-0.18235014164428354,1.8415579103670991,-0.7233719668992171,0.06533543149064797,-1.2388600804012557,-0.2579149148506962,中性,0.0852191909525375,0.17007478467772214,0.25146965999296084,0.1494182333266727,0.2526658275457017,0.31613493289211003,0.1494182333266727,0.31613493289211003
2020-06-30,2984.674,11992.347,4163.964,4923.933,2438.197,8034.447400788081,334766.9413249,0.0852191909525375,0.20377231975933285,0.12962260132848447,0.1494182333266727,0.3025134127207565,0.1494182333266727,-0.060745153260837514,6.5,11.1,-4.6,604317.97,2134948.66,19029.0,13.69489089,50770.0,11313.7416932,34916.05746698,839.2982328899998,1360.4808999999998,602.4684911590001,66.0,,0.0,-13267.51000000001,169407.63,2621.920000000013,251012.39,264279.9,12.38,2.56,13.89,1597.3106417309991,-0.6317651500237741,-0.898266825041671,-0.19410650056307654,-0.19094594258843328,-1.7246070171636454,-0.255276962686549,0.2364440312318557,1.6651176650904085,-0.24917583771811064,中性,0.07819212416498433,0.16363428635757216,0.2032124781466922,0.08982595823298145,0.1839033959235431,0.23674631641007265,0.08982595823298145,0.23674631641007293
2020-09-30,3218.052,12907.448,4587.395,5366.23,2574.758,8756.149337436358,539428.7196847,0.07819212416498433,0.07630708150789833,0.1016893998122943,0.08982595823298145,0.056009009936440535,0.08982595823298145,0.9436078005802855,8.1,10.9,-2.8000000000000007,602312.12,2164084.8,19171.0,8.84919544,43593.0,13887.46658898,67958.47717816,2573.72489578,-244.09519999999995,2189.7231122838,208.0,,0.0,-7713.299999999988,177204.66,7797.029999999999,274964.62,282677.92,13.87,2.79,15.28,139.90658349620026,-0.2868988297262693,-0.9243167188407939,-0.2133216241210922,-0.1469916537963997,-1.0110544562005777,-3.691750295044585,0.9424923839275673,-1.3001316931450768,-0.8289966108684034,大幅流出,0.07924576731513344,0.06956382308303276,0.10879718537798629,0.08632335922985046,0.05066722820304024,0.12513365994375922,0.08632335922985046,0.12513365994375947
2020-12-31,3473.069,14470.684,5211.289,5829.461,2966.256,9512.009562162095,356913.0653566,0.07924576731513344,0.12111116000622268,0.13600180494594416,0.08632335922985046,0.15205234822068725,0.08632335922985046,0.4287752096021433,8.6,10.1,-1.5,625580.99,2186795.89,11458.0,6.38993502,33430.0,14820.24045361,42322.61726529,932.7738646300004,1151.9078000000002,1152.9459475949998,109.0,,0.0,5124.929999999993,200710.77,23506.109999999986,285667.74,280542.81,15.66,2.65,16.76,931.7357170350006,-0.03760864572847575,-1.0519614081843829,-0.22205103866496806,-0.16854696248730597,0.5950824973628369,-1.3044475106226368,0.24992017693322385,1.2352095450447043,-0.08805041829337555,流入,-0.008971028217406585,0.034012569286702904,0.047999622236125944,-0.03282276011452856,0.04463448679045953,0.08253147246374896,-0.03282276011452856,0.0825314724637492
2021-03-31,3441.912,13778.67,5048.361,5638.122,2758.501,9199.799154096147,404040.272146,-0.008971028217406585,-0.047821789211898946,-0.03126443380898658,-0.03282276011452856,-0.07003947063233906,-0.03282276011452856,-0.07853071526761457,7.1,9.4,-2.3000000000000007,616113.17,2276488.45,27511.0,-9.47351102,79106.0,15097.2156113,50012.619001440005,276.97515768999983,998.9209000000001,773.6598735691,109.0,,0.0,8774.830000000016,214310.09,13599.320000000007,318574.77,309799.94,14.61,2.54,16.63,502.2361841208999,-0.19071028450112246,-1.1597863528463996,-0.290469924442231,-0.18977655519834227,1.0393970438491984,-0.45000641127471896,-0.028439272120284145,0.9191986754062021,-0.04382413514096223,流入,0.043372695176401965,0.036681646712641056,-0.0551173301351111,0.08008588675449002,0.07087537304088107,-0.03411951710161664,0.08008588675449024,-0.034119517101616426
2021-06-30,3591.197,15161.702,5224.041,6089.656,3477.178,9936.573227315144,402068.6707148,0.043372695176401965,0.1003748547573895,0.03479941311645507,0.08008588675449024,0.26053171631984173,0.08008588675449002,0.20104054816028527,5.5,8.6,-3.0999999999999996,637479.36,2317788.36,23182.0,21.82458353,50316.0,16281.55901214,45619.432478500006,1184.34340084,1237.6877999999997,1339.1765413782,149.0,,0.0,-1303.960000000021,229216.79,14906.700000000012,294083.68,295387.64,14.32,2.83,17.39,1082.8546594617997,-0.3436547362481519,-1.2815069569228799,-0.14698436200122278,-0.17680335000802636,-0.22981777813505405,-1.6477853078511027,0.3572250320411407,1.2902821027614955,-0.2723806695454752,中性,-0.00641290355277091,0.013526966078441173,-0.053625852327232534,-0.008527575285040778,0.03627774705172174,-0.057900479107522676,-0.008527575285040778,-0.057900479107522676
2021-09-30,3568.167,14309.013,4866.383,6037.726,3244.646,9851.838351043894,584642.782122,-0.00641290355277091,-0.05623966227538302,-0.06846385776834452,-0.008527575285040778,-0.0668737694762821,-0.008527575285040778,0.08381841898171083,3.7,8.3,-4.6000000000000005,624645.68,2342829.7,17755.0,-7.38615617,38859.0,16853.4119797,71520.98581414,571.8529675599984,681.8608999999999,1602.397676316,138.0,,0.0,4215.350000000035,237506.7,8289.910000000003,320527.46,316312.11,12.61,2.79,17.47,-348.68380875600155,-0.6309158729657678,-1.3157238279096488,-0.27812932071130536,-0.18116484587075174,0.4670033090001251,-2.083449916090802,0.09023798933189112,0.2742417005679114,-0.4572375980810436,流出,0.020068567418509264,-0.08855078812174438,-0.15239645453814246,0.04519068934231196,-0.09804585368729876,-0.17271949737368003,0.04519068934231196,-0.17271949737368003
2021-12-31,3639.775,14857.346,4940.373,6310.575,3322.673,10297.049717416594,478602.923086,0.020068567418509264,0.03832081220416805,0.015204310881408167,0.04519068934231196,0.02404792387212651,0.04519068934231196,0.34095097529651075,3.5,9.0,-5.5,647443.35,2382899.56,10350.0,-9.67009949,31123.0,17120.50979156,49115.27090201,267.0978118600033,1403.2196,1671.4922321127,125.0,,0.0,3622.3699999999953,253027.48,15520.779999999999,313106.57,309484.2,13.37,3.06,18.02,-1.174820252696918,-0.8000653164242386,-1.1818754148529143,-0.2859281232146816,-0.16912620055480754,0.38812074888032994,-2.0871278510440616,-0.043143061119746653,1.5136203079173876,-0.3331906138015916,流出,-0.10648240619269056,-0.0662565680570915,-0.1512502833279531,-0.137043454835732,-0.09088125883932918,-0.1857082753948728,-0.137043454835732,-0.1857082753948728
2022-03-31,3252.203,12118.254,4222.597,5445.752,2659.492,8885.906449526527,470583.7142884,-0.10648240619269056,-0.1843594407776462,-0.14528781531273038,-0.137043454835732,-0.19959261714890375,-0.137043454835732,0.16469507306527742,4.7,9.7,-4.999999999999999,645063.8,2497688.34,32291.0,17.37486823,83363.0,15806.91357675,38796.48021724999,-1313.5962148100025,-243.2852,1765.2649623602001,85.0,,0.0,7611.709999999963,251343.65,-1683.8300000000163,291637.23,284025.52,11.72,2.66,16.13,-3322.146377170203,-0.6975749411744734,-1.0513754121790992,-0.15843949949527616,-0.17617457101835138,0.8894827084648548,-2.1299690781357126,-0.7330347581867069,-1.3815923670187535,-0.6798347398429399,大幅流出,0.04501963745805537,-0.07004851788157132,0.006351694528293542,0.05349307129667302,-0.08279095338899017,0.005674514741031183,0.05349307129667302,0.005674514741031183
2022-06-30,3398.616,12896.204,4485.011,5737.062,2810.601,9361.240876766615,491235.5697705,0.04501963745805537,0.06419654184505452,0.06214516800916603,0.05349307129667302,0.056818745835670814,0.05349307129667302,0.22177032320667656,5.8,11.4,-5.6000000000000005,674374.81,2581451.2,30540.0,31.74014321,52386.0,15097.69354702,38753.77124956,-709.2200297299987,961.2737999999999,1277.7908478557,84.0,,0.0,5571.880000000005,266943.46,15599.810000000027,278998.08,273426.2,12.31,2.63,13.69,-1025.7370775856987,-0.8087367131793687,-0.7545894256466694,-0.09010606268424848,-0.17291843730819928,0.621057649638146,-1.155634480617944,-0.4576969303395306,0.7332138143372442,-0.2606763232250713,中性,-0.1101109981239422,-0.0910246994659003,-0.05783354165342613,-0.1293639497010839,-0.1043065248379745,-0.07580831442992934,-0.1293639497010839,-0.07580831442992945
2022-09-30,3024.391,10778.614,3804.885,4994.893,2288.969,8150.233782844848,474902.6378209,-0.1101109981239422,-0.1642025824033181,-0.15164422116244536,-0.1293639497010839,-0.18559446894098452,-0.1293639497010839,-0.18770460810751965,6.4,12.1,-5.699999999999999,664535.17,2626600.92,25686.0,44.66910729,43118.0,14435.62961433,39130.07992164001,-662.06393269,-195.87070000000006,1731.4185068972001,131.0,,0.0,2488.460000000021,264219.51,-2723.9500000000116,313441.7,310953.24,10.47,2.31,12.45,-2589.3531395872,-0.8219569466952095,-0.6303563123685385,-0.028529731393278603,-0.1903712335002995,0.22102663880483184,-1.924530780612262,-0.43134655621575085,-1.2756334038739587,-0.6352122907318083,大幅流出,0.021447954315430673,0.08215505204188206,0.02846325094870327,0.02878059650126641,0.09645071476005594,0.014630743841759771,0.02878059650126641,0.014630743841759778
2022-12-31,3089.258,11015.986,3871.634,5138.649,2346.767,8384.802372739896,415729.9407474,0.021447954315430673,0.02202249751220342,0.017542974360591712,0.02878059650126641,0.025250669624621302,0.02878059650126641,-0.13136773576976757,5.8,11.8,-6.000000000000001,671674.76,2664320.84,14401.0,39.14009662,30280.0,14445.10657578,34427.01110344,9.47696145000009,378.07869999999986,1010.7317650125001,124.0,,0.0,-10792.660000000033,258154.92,-6064.5899999999965,307176.62,317969.28,10.59,2.4,12.78,-623.1761035625002,-0.8737650055118139,-0.6774789921113028,-0.05453474351421998,-0.187077388539658,-1.4741895389129018,-0.5708330959470712,-0.12543951541347031,-0.2588003187499831,-0.5277648248375526,大幅流出,0.05943239444552706,0.03651491717428579,-0.03700662100737455,0.0657770164881859,0.03181692308620425,-0.05220710735448184,0.0657770164881859,-0.052207107354481835
2023-03-31,3272.86,11726.397,4050.926,5476.654,2399.502,8936.329656661788,409377.683981,0.05943239444552706,0.06448909793458335,0.04630912942700682,0.0657770164881859,0.022471340358885206,0.0657770164881859,-0.1300640639465257,5.1,12.7,-7.6,678059.63,2814566.31,39487.0,22.28484717,106985.0,15128.72458796,39616.10256498,683.6180121799989,1859.8782999999999,648.6131697789999,68.0,593.3999999999999,190.0,1239.9599999999627,264781.11,6626.189999999973,325891.23,324651.27,11.27,2.63,13.64,2488.283142400999,-1.175337643347371,-0.5191796831706508,-0.13476435182996038,-0.18625512338259195,0.07754772376425667,0.10911465904407829,0.18166186508730514,2.1783826269050657,0.0663962591337664,大幅流入,-0.021631844930733446,-0.04961562669958388,-0.07079221231583384,-0.03186416377591128,-0.07462257064258598,-0.13448795560208854,-0.03186416377591139,-0.13448795560208862
2023-06-30,3202.062,11026.586,3842.452,5302.145,2215.001,8651.580984926384,439975.5634951,-0.021631844930733446,-0.05967826264111653,-0.05146329505895686,-0.03186416377591139,-0.07689137162627901,-0.03186416377591128,-0.10434913395898449,3.1,11.3,-8.200000000000001,695595.48,2873023.83,32413.0,6.13294041,49063.0,14952.90061307,44741.16110375,-175.8239748899996,-26.636100000000077,1420.4178857909,105.0,437.43,192.0,10285.909999999974,276121.28,11340.170000000042,340624.75,330338.84,10.97,2.61,12.76,-1185.4479606808998,-1.2777063416485297,-0.756244292861351,-0.21158734865998202,-0.18434628186149563,1.2316209780300063,-1.3196945310469141,-0.2138283328672315,-0.9603358325136616,-0.4615152479286449,流出,-0.02860250675970666,-0.07093148102691318,-0.07328371530594967,-0.04416571029272143,-0.08143308038539142,-0.1514515351805732,-0.044165710292721316,-0.1514515351805732
2023-09-30,3110.475,10109.527,3689.517,5067.972,2003.908,8269.477765572108,433104.6924259,-0.02860250675970666,-0.08316799052762114,-0.03980140805922894,-0.044165710292721316,-0.09530153710991562,-0.04416571029272143,-0.08801371495174393,2.1,10.3,-8.200000000000001,678443.65,2896659.11,25369.0,-1.23413533,39145.0,15094.32280146,34895.490792519995,141.42218839000088,-801.3129000000004,1137.6000069035,91.0,242.91,211.0,-2687.6599999999744,273521.02,-2600.2600000000093,358068.4,360756.06,10.87,2.46,12.46,-1554.5807185134995,-1.2629192100422963,-0.9220925230082465,-0.24565880473761473,-0.18286969685916935,-0.44376040648181314,-0.7742105019025826,-0.06509687128584624,-2.0836187670068957,-0.7475283476655581,大幅流出,-0.043575338171822575,-0.022282127327819663,0.07266478592497927,-0.03898936300358402,-0.06469293831931185,0.044934541864082835,-0.03898936300358402,0.044934541864082904
2023-12-31,2974.935,9524.689,3431.11,4870.375,1891.366,7947.0560951201505,420943.8884224,-0.043575338171822575,-0.05785018428656452,-0.07003816488716541,-0.03898936300358402,-0.056161260896208764,-0.03898936300358402,0.01254166987738814,1.3,9.7,-8.399999999999999,680542.52,2922713.33,11092.0,-22.977571,27049.0,15781.54322438,38562.72118922,687.2204229199997,-594.8884,325.0796560465,49.0,305.79999999999995,277.0,650.5800000000163,274206.85,685.8299999999581,360950.64,360300.06,10.38,2.52,11.92,73.05236687349958,-1.2866391898530665,-1.0170508114773915,-0.35005435992591966,-0.1775919380731325,-0.009459404442947421,0.7519374607892639,0.19038911671831435,-1.66213638599022,-0.44507568903188743,流出,0.02226334356885107,-0.0025318200229585315,0.126667641477881,-0.026746400431178263,-0.0762257526371171,0.10352981033287986,-0.026746400431178374,0.10352981033287996
2024-03-31,3041.167,9400.853,3537.484,4740.11,1818.203,7734.500950551031,483513.0459896,0.02226334356885107,-0.013001579369153249,0.031002795013858497,-0.026746400431178374,-0.03868262409285139,-0.026746400431178263,0.18109282676981686,1.1,8.3,-7.200000000000001,685808.9,3047952.16,32920.0,-16.63078988,91094.0,14952.69424661,41414.75650299,-828.8489777699997,682.2334,234.4814024777,30.0,265.96000000000004,236.0,11995.659999999974,290815.24,16608.390000000014,357068.22,345072.56,11.21,2.14,12.22,-115.13698024769968,-1.0436843878309967,-1.2459504277105233,-0.3157937224966798,-0.1692361598091064,1.4469197699800118,0.9080965244687271,-0.5246908679609843,0.31204918100843243,-0.07903626129388985,流入,-0.024255162574103983,0.09711074728878742,0.09686380261261553,-0.050839115547951286,0.11721014913156004,0.15487446493857726,-0.050839115547951286,0.15487446493857743
2024-06-30,2967.403,8848.699,3461.657,4499.127,1683.43,7341.285763020228,461155.3991107,-0.024255162574103983,-0.058734457394451156,-0.021435291297430492,-0.050839115547951286,-0.07412428645206282,-0.050839115547951286,0.0481386635370169,-5.0,6.2,-11.2,660610.52,3050161.54,21927.0,-32.3512171,33473.0,7664.97289908,37094.91894189,-7287.7213475300005,-296.45600000000024,88.35513017359999,14.0,335.42,256.0,14730.559999999998,309619.2,18803.96000000002,353296.71,338566.15,11.48,1.92,12.69,-7337.1124777036,-1.7877449069659126,-1.584874683145894,-0.3911723220628737,-0.17463688613864928,1.7560737926567531,1.160106992721293,-3.228389861316889,-1.184630013151698,-0.6794084859254839,大幅流出,0.12438283576581943,0.1295274015696554,0.16075437006702484,0.17705034776746653,0.1945881945541877,0.26165431649295484,0.17705034776746675,0.2616543164929551
2024-09-30,3336.497,10529.757,4017.855,5295.699,2175.086,8641.06296042331,452476.2455697,0.12438283576581943,0.189977984334194,0.160673920033094,0.17705034776746675,0.29205609974872715,0.17705034776746653,0.0447271837100085,-7.4,6.8,-14.2,628236.54,3094798.24,19742.0,-22.18061414,29345.0,14295.01818504,33564.07730189,6630.04528596,-453.5679,152.98288242860002,25.0,175.54000000000002,207.0,-5407.549999999988,320523.89,10904.690000000002,349429.19,354836.74,12.65,2.23,14.24,6199.0345035314,-2.3002670598282284,-1.4616403171484165,-0.33705319517261617,-0.17411506327511825,-0.8176383855537867,1.018131918889983,2.6235676165189252,-1.3764545007630984,-0.3531836232915445,流出,0.004575457433350083,-0.00022508637052562968,0.16372860518082283,0.014899827199393423,0.0337128299776857,0.27977024373930637,0.014899827199393423,0.27977024373930637
2024-12-31,3351.763,10414.611,3934.911,5374.604,2141.596,8769.813305352698,954176.702059,0.004575457433350083,-0.01093529508800617,-0.020643851010053837,0.014899827199393423,-0.015397092344854313,0.014899827199393423,1.2667550908864191,-1.4,7.3,-8.7,670959.41,3135322.3,8402.0,-24.25171295,16583.0,9495.04401354,60403.865809179995,-4799.9741715,,187.71943122929997,31.0,1266.31,246.0,5695.679999999993,326930.94,6407.049999999988,452925.13,447229.45,12.19,2.32,14.23,-3721.3836027293,-1.2481159385344176,-1.359342982376576,-0.34473664257494546,-0.11730539496978902,0.6039096888446182,0.9362104620195028,-1.98438331988654,,-0.5019663039254495,流出,-0.004778679160787891,0.02764604776650366,0.1841052007555425,0.018536807548984013,0.05614162457364295,0.2743621669615103,0.018536807548984013,0.27436216696151
2025-03-31,3335.746,10504.332,3887.306,5474.232,2103.699,8932.37764683454,672582.1180829,-0.004778679160787891,0.008614916102003267,-0.012098113527853616,0.018536807548984013,-0.017695681164888177,0.018536807548984013,0.3910319972987175,1.6,7.0,-5.4,1134863.1,3260554.57,38234.0,16.14216282,96956.0,9670.26910148,36841.36461421,175.22508793999987,,162.78456653339998,27.0,516.9300000000001,225.0,-10688.25,320568.84,-6362.099999999977,381703.26,392391.51,11.78,2.46,14.19,529.3705214065999,-0.6229757841168478,-1.392897595961743,-0.13716945192956342,-0.15724757507660087,-1.480204349641405,0.9666985097316259,0.005670324184690031,,-0.4025894175442634,流出,0.03258041829323921,0.16399060360111334,0.16671383252801594,0.03692043011695523,0.23803265919310707,0.23629707326982144,0.03692043011695523,0.2362970732698213
2025-06-30,3444.426,10465.12,3936.079,5676.343,2153.014,9262.164871522747,620552.7192913,0.03258041829323921,-0.0037329360877016438,0.012546735451235413,0.03692043011695523,0.02344204185104437,0.03692043011695523,0.3456477371575495,4.6,8.3,-3.700000000000001,1139494.08,3302868.17,23600.0,7.62986273,30407.0,18323.35393975,35985.024859150006,8653.084838269999,,207.8820667566,24.0,868.55,294.0,12736.530000000028,344910.84,24342.0,386823.64,374087.11,12.34,2.71,14.13,9313.752771513398,-0.30061802155363787,-1.1606770123786347,-0.17969395296150584,-0.1587545070007746,1.4894411147005604,0.867702605832655,3.107754390763376,,0.5235935167717197,大幅流入,0.1272638750259114,0.1522500410808651,0.18870226853472805,0.19395145783121293,0.20662053015471432,0.3461350027649847,0.19395145783121293,0.34613500276498455
2025-09-30,3882.777,13526.509,4640.694,6777.278,3238.16,11058.575251027632,927208.1892897,0.1272638750259114,0.2925326226550673,0.17901444559420687,0.19395145783121293,0.504012514549371,0.19395145783121293,1.0491864454061637,7.2,8.4,-1.2000000000000002,1131455.07,3353771.03,16081.0,-18.54422044,18038.0,23709.72118303,149832.20727337,5386.367243280001,,372.0540242505,27.0,1345.6100000000001,338.0,-1419.8699999999953,364586.45,19675.609999999986,511777.23,513197.1,13.32,3.02,15.85,6359.9232190295015,0.17251097706698018,-1.1328722782287306,-0.3130491851301378,-0.12547596596930805,-0.3072455052334419,0.5492916801999514,1.8244497527039714,,0.09537278220132639,大幅流入,0.0221653213666404,0.0023395626377717776,0.007661269241061064,0.010611044729167185,-0.0014018902574159868,0.01417235651245252,0.010611044729166963,0.014172356512452421
2025-12-31,3968.84,13525.022,4629.94,6849.192,3203.172,11175.918287657147,755124.3748247,0.0221653213666404,-0.00010993228186217952,-0.0023173258137685337,0.010611044729166963,-0.010804901549027801,0.010611044729167185,-0.2086115986743009,3.8,8.5,-4.7,1155146.5,3402948.06,9804.0,16.68650321,13746.0,25161.88348107,126162.10363294001,1452.1622980399989,,544.1965318933,38.0,895.89,302.0,6766.459999999963,376850.21,12263.76000000001,489260.66,482494.2,13.34,3.0,16.3,1803.855766146699,-0.4910895513487814,-1.1057224227184503,-0.12820273229871623,-0.18365851317689402,0.7319294994467109,0.217939912784481,0.3865005457009233,,-0.08175760880153238,流入,-0.019395843621814013,0.03163569204099922,,-0.011886803582086825,0.11562414953471879,,-0.011886803582086714,
2026-03-31,3891.861,13478.056,4450.049,6767.777,3184.952,11043.072342122314,853837.86708,-0.019395843621814013,-0.003472526699032419,-0.03885385123781293,-0.011886803582086714,-0.005688111659317596,-0.011886803582086825,0.2694923699633047,5.1,8.5,-3.4000000000000004,1193202.99,3538636.53,31522.0,-17.55505571,88996.0,25823.38030855,140436.04706676002,661.4968274800012,,258.7874207772,30.0,1168.6599999999999,243.0,3838.7299999999814,373482.35,-3367.8600000000442,505708.85,501870.12,13.3,2.95,16.1,1571.3694067028011,-0.2418603673023201,-1.0957780928866607,-0.3059431588741487,-0.16060359204866106,0.35467311848926636,0.7586844957488837,0.09547555079092324,,-0.08505029229753104,流入,0.05204091307474745,0.005309285198006755,,0.12904488430987016,0.01559611080566055,,0.12904488430987016,
2026-06-30,4094.397,16205.557,4979.433,7641.124,4342.712,12468.124334937014,832420.71508,0.05204091307474745,0.20236605338336622,0.11896138671731471,0.12904488430987016,0.3635094029674546,0.12904488430987016,0.3414182054196184,4.0,8.0,-4.0,1184775.53,3567108.43,17650.0,-25.21186441,18609.0,29877.88011904,171602.94003252996,4054.4998104900005,,435.8703929384999,41.0,893.24,264.0,-580.140000000014,394925.89,21443.540000000037,504225.56,504805.7,13.77,2.64,16.79,4511.8694175515,-0.35523994155834804,-1.168936296864744,-0.3438567760268805,-0.15663636263883893,-0.2129160462574587,0.4119118999135436,1.3220599391485186,,-0.07194479775488685,流入,-0.0444199719763374,,,-0.1004820756736835,,,-0.1004820756736835,
2026-09-30,3912.524,13841.327,4590.794,6873.328,3414.883,11215.301322004978,510248.17116,-0.0444199719763374,-0.14589007955727784,-0.07804884612364504,-0.1004820756736835,-0.21365197600025065,-0.1004820756736835,-0.4496940632600729,4.0,7.7,-3.7,1154623.0,3555077.24,-5896.0,-37.24394786,-5896.0,26200.67121369,91116.48418679001,-3677.208905350002,,1167.4338289854,40.0,93.97999999999999,65.0,,,,,,13.39,2.66,17.21,-4750.662734335402,-0.2962492366824023,-1.207482482636846,-0.4047611217084146,-0.1933485601421622,,-0.9981148505884206,-1.4838133702573544,,-0.7639616036692667,大幅流出,,,,,,,,
