quarter,sh_ret,alla_ret,flow_score,flow_bucket,scissors,m2_yoy,amount_yoy,north_yi,rz_chg,ipo_yi,inc_capital,ret_next1,ret_next4,alla_next1
1990Q4,,,,,,,,,,,,-0.058145913329676335,1.294099208525977,-0.058145913329676335
1991Q1,-0.058145913329676335,-0.058145913329676335,,,,,,,,,,0.14452117480655624,2.171977701971878,0.14452117480655624
1991Q2,0.14452117480655624,0.14452117480655624,,,,,,,,,,0.3152079092759521,7.659421343413781,0.3152079092759521
1991Q3,0.3152079092759521,0.3152079092759521,,,,,,,,,,0.6181185054167588,2.8819367676321024,0.6181185054167588
1991Q4,0.6181185054167588,0.6181185054167588,,,-2.3000000000000007,26.5,191.8763269639066,,,,,0.30227156276686595,1.6657216054654134,0.3085909479077711
1992Q1,0.30227156276686595,0.3085909479077711,,,,,0.9620551199310476,,,,,2.1245147413702656,1.4286800965271216,2.286616721919131
1992Q2,2.1245147413702656,2.286616721919131,,,,,9.37877379878161,,,,,-0.4104047213290911,-0.15458491088743204,-0.4065858133384165
1992Q3,-0.4104047213290911,-0.4065858133384165,,,,,9.47108497967098,,,,,0.1111601549151382,0.2676130538785738,0.09188248678310917
1992Q4,0.1111601549151382,0.09188248678310917,,,4.599999999999998,31.3,26.684337840106334,,,,,0.1864708671305373,0.06844013890490656,0.1674552586418241
1993Q1,0.1864708671305373,0.1674552586418241,,,,,157.98242136579057,,,,,0.08763270728256534,-0.239170113725956,0.10545878350710303
1993Q2,0.08763270728256534,0.10545878350710303,,,,,18.57883440611479,,,,,-0.11596246462439797,-0.5339953329030336,-0.12441468395307964
1993Q3,-0.11596246462439797,-0.12441468395307964,-0.5497404686516805,大幅流出,,,11.541029688051777,,,,,-0.06343019533399985,-0.11133701012052544,-0.08039181654481165
1993Q4,-0.06343019533399985,-0.08039181654481165,-0.5280140494049375,大幅流出,1.4699999999999989,37.31,10.239217221391808,,,,,-0.155121132165987,-0.22299112497001694,-0.1431790032438809
1994Q1,-0.155121132165987,-0.1431790032438809,-0.5995320912730265,大幅流出,,,1.9407027787695177,,,,,-0.33383016778809305,-0.0816795843624907,-0.3462973415752303
1994Q2,-0.33383016778809305,-0.3462973415752303,-0.5551621187132493,大幅流出,,,2.6479820351399597,,,,,0.6858445737177437,0.3436894031409149,0.7132026198850117
1994Q3,0.6858445737177437,0.7132026198850117,-0.44806341794644605,流出,,,8.34472807427644,,,,,-0.1811034569929849,-0.08686089869177793,-0.17911933913556577
1994Q4,-0.1811034569929849,-0.17911933913556577,-0.5211475427017295,流出,-8.3,34.5,1.8944767757586134,,,,,-0.0014663435565778205,-0.1428990383873309,0.002366084130763557
1995Q1,-0.0014663435565778205,0.002366084130763557,-0.52824583941935,大幅流出,,,-0.11211567649143439,,,,,-0.025258146293204553,-0.13994002349595008,-0.023604989915589902
1995Q2,-0.025258146293204553,-0.023604989915589902,-0.5019183245420786,流出,,,0.19226606102093435,,,,,0.14565955152399357,0.2754146975800053,0.1477775227603091
1995Q3,0.14565955152399357,0.1477775227603091,-0.49279505954466096,流出,,,-0.4245310288413159,,,,,-0.23135805545173926,0.21191672549589563,-0.2332129097623078
1995Q4,-0.23135805545173926,-0.2332129097623078,-0.47363284874867234,流出,-12.7,29.5,-0.31593182812606835,,,,,0.0019809468926146323,0.6514217796106538,-0.00027816895286791876
1996Q1,0.0019809468926146323,-0.00027816895286791876,-0.4539672673302816,流出,,,-0.0727629949547629,,,,,0.445480688006614,1.2189776955013567,0.4625254334556459
1996Q2,0.445480688006614,0.4625254334556459,-0.3952833916197681,流出,,,2.506072432909798,,,,,0.0886215870418563,0.554579353957906,0.09268771789639918
1996Q3,0.0886215870418563,0.09268771789639918,-0.4058981565611162,流出,,,1.2910259652903195,,,,,0.04739213614688342,0.2533999600239857,0.039215579587919214
1996Q4,0.04739213614688342,0.039215579587919214,-0.32837533471452185,中性,-6.400000000000002,25.3,4.929176566229087,,,,,0.3463388941111296,0.30215764576049753,0.3543298676520945
1997Q1,0.3463388941111296,0.3543298676520945,-0.301639995955276,中性,-2.3000000000000007,23.84,5.9248234625775416,,,,,0.012680045714581922,0.006802919447893636,0.010372965960032898
1997Q2,0.012680045714581922,0.010372965960032898,-0.17762558359163463,中性,4.809999999999999,21.51,0.4010532149005255,,,,,-0.1222845908730259,0.07112852243351853,-0.12405550139350374
1997Q3,-0.1222845908730259,-0.12405550139350374,-0.3184500919802104,中性,-0.3999999999999986,23.33,-0.31628943482783634,,,,,0.0881360473052708,0.13260001293987592,0.09944044764188642
1997Q4,0.0881360473052708,0.09944044764188642,-0.3235506380537987,中性,2.5,19.6,-0.6284589130064053,,,,,0.04096299981073637,-0.03969677632229081,0.04255890586424527
1998Q1,0.04096299981073637,0.04255890586424527,-0.6511177741788128,大幅流出,-1.2400000000000002,15.18,-0.40976631413601083,,,,,0.07738114392735085,-0.06835149346428357,0.08322161257451133
1998Q2,0.07738114392735085,0.08322161257451133,-0.8485787904555208,大幅流出,-5.640000000000001,14.34,0.07539233428956016,,,,,-0.07191297504035987,0.26151842664512165,-0.070555190460175
1998Q3,-0.07191297504035987,-0.070555190460175,-0.551871927807541,大幅流出,-2.990000000000002,16.19,0.11505835618247029,,,,,-0.07739666070210216,0.263743708242685,-0.07670901446365763
1998Q4,-0.07739666070210216,-0.07670901446365763,-0.5638804780558156,大幅流出,-2.9000000000000004,14.8,0.1604692626759201,,,,,0.009901456353013094,0.19175023981860997,0.010707292995615125
1999Q1,0.009901456353013094,0.010707292995615125,-0.41142599795153273,流出,-2.9200000000000017,17.85,0.11070261070207144,,,,,0.4588507962495705,0.5545259547482241,0.4522748936273775
1999Q2,0.4588507962495705,0.4522748936273775,-0.3841133223776516,流出,-2.709999999999999,17.65,0.908610849701303,,,,,-0.07027585668048597,0.14127740276590653,-0.06775677964397508
1999Q3,-0.07027585668048597,-0.06775677964397508,-0.3084977494918393,中性,-0.4900000000000002,15.32,1.179533550928625,,,,,-0.12995590506665178,0.21611928933686972,-0.13003254213970405
1999Q4,-0.12995590506665178,-0.13003254213970405,-0.08545715059485703,流入,3.0,14.7,0.1494009217664003,,,,,0.31732134232902576,0.5172745100908837,0.3193753013292926
2000Q1,0.31732134232902576,0.3193753013292926,0.0381584759455725,流入,5.699999999999999,13.0,3.4868527166662826,,,,,0.07103612048493946,0.17361718674054633,0.06895799281791959
2000Q2,0.07103612048493946,0.06895799281791959,0.24364989458167588,大幅流入,10.0,13.7,-0.15417203997103157,,,,,-0.009307060918849919,0.15036673294932945,-0.010418045247905239
2000Q3,-0.009307060918849919,-0.010418045247905239,0.04540401215887111,大幅流入,7.4,13.4,0.24786175237904762,,,,,0.085498552216279,-0.07606374541203603,0.08192703778788024
2000Q4,0.085498552216279,0.08192703778788024,-0.21283392446012184,中性,3.6999999999999993,12.3,0.978387933358482,,,,,0.018952706010242792,-0.2061783178689707,0.010178901631014314
2001Q1,0.018952706010242792,0.010178901631014314,-0.14863161852766718,流入,4.199999999999999,13.2,-0.4317942036867515,,,,,0.04981789352865307,-0.24085385334453502,0.04303032382803229
2001Q2,0.04981789352865307,0.04303032382803229,-0.30972183671295617,中性,0.5999999999999996,14.3,0.1641715973835005,,,,,-0.2043084197726901,-0.21878613850405004,-0.20160364122315522
2001Q3,-0.2043084197726901,-0.20160364122315522,-0.507589592583524,流出,-4.1,16.36,-0.3521564409447555,,,,,-0.06736824927884077,-0.10383162017307807,-0.07143616242564887
2001Q4,-0.06736824927884077,-0.07143616242564887,-0.4905587528214476,流出,-4.950000000000001,17.6,-0.21696915500954772,,,,,-0.025556950881880702,-0.17516529756599583,-0.023297544409155657
2002Q1,-0.025556950881880702,-0.023297544409155657,-0.5806322822346933,大幅流出,-4.300000000000001,14.4,0.03941730429730561,,,,,0.08033518194656186,-0.05818736147090994,0.08209641866196193
2002Q2,0.08033518194656186,0.08209641866196193,-0.4044854204271142,流出,-1.8999999999999986,14.7,-0.32668307721631684,,,,,-0.08722352554169521,-0.14239231743668335,-0.08811129079576852
2002Q3,-0.08722352554169521,-0.08811129079576852,-0.22786749323964275,中性,-0.5999999999999996,16.5,-0.2516226727719383,,,,,-0.14160435705714014,-0.13559342394939858,-0.14018078344339202
2002Q4,-0.14160435705714014,-0.14018078344339202,-0.1688336601680772,中性,0.019999999999999574,16.8,-0.2518533757704471,,,,,0.11263841891969517,0.10266975238168188,0.11322533660015344
2003Q1,0.11263841891969517,0.11322533660015344,0.022699948846549522,流入,1.6000000000000014,18.5,-0.1872010912976525,,,,,-0.016254705152597304,0.15295138682014428,-0.015122829072342858
2003Q2,-0.016254705152597304,-0.015122829072342858,-0.011494571731034372,流入,-0.6000000000000014,20.8,0.29998211129323016,,,,,-0.07998726803873946,-0.058452622568679904,-0.07940711071234374
2003Q3,-0.07998726803873946,-0.07940711071234374,-0.13170782518730298,流入,-2.1999999999999993,20.7,-0.07724135136773791,,,,,0.0950019785526357,0.021606087359133136,0.09548673653756468
2003Q4,0.0950019785526357,0.09548673653756468,-0.08642844152818434,流入,-0.9099999999999966,19.58,0.9129400959972989,,,,,0.16337462359155763,-0.15400215357731642,0.16402560149688328
2004Q1,0.16337462359155763,0.16402560149688328,0.03088157844893045,流入,1.0100000000000016,19.11,1.1996499483646188,,,,,-0.19663325530266884,-0.3217613685625419,-0.19581835024724836
2004Q2,-0.19663325530266884,-0.19581835024724836,-0.17366148195803266,中性,0.370000000000001,16.36,-0.22315836889151985,,,,,-0.0017596246896356416,-0.22743899562738257,-0.0024890372749670764
2004Q3,-0.0017596246896356416,-0.0024890372749670764,-0.29756751838028767,中性,0.09999999999999964,14.14,0.7528387947138335,,,,,-0.0932225961194243,-0.17261115486503892,-0.09213853540679162
2004Q4,-0.0932225961194243,-0.09213853540679162,-0.3621584313653503,流出,-1.0899999999999999,14.67,-0.1461315770187911,,,,,-0.06731959674566679,-0.08325253297286365,-0.06973623821483255
2005Q1,-0.06731959674566679,-0.06973623821483255,-0.5911629083807975,大幅流出,-3.8200000000000003,14.22,-0.6821769234968158,,,,,-0.08490936612158784,0.09909874064115895,-0.08431901555729615
2005Q2,-0.08490936612158784,-0.08431901555729615,-0.5448687713106823,大幅流出,-4.42,15.67,-0.32817650029090595,,,,,0.06908444332607422,0.5469999204394701,0.06490364537581317
2005Q3,0.06908444332607422,0.06490364537581317,-0.5459424450767197,大幅流出,-6.280000000000001,17.92,0.08128093618006194,,,,,0.0047100502416896894,0.5164440721555811,-0.0053618469094665056
2005Q4,0.0047100502416896894,-0.0053618469094665056,-0.5196210617613569,流出,-5.790000000000001,17.57,-0.2883311305764944,,,,,0.11820091520054565,1.30434336987762,0.14274002439094025
2006Q1,0.11820091520054565,0.14274002439094025,-0.6785567675620874,大幅流出,-6.090000000000002,18.76,0.9428564061021356,,,,,0.2880054224964279,1.4524341540250867,0.3978110830724788
2006Q2,0.2880054224964279,0.3978110830724788,-0.8651574161030664,大幅流出,-4.49,18.43,2.349019659533979,,,,,0.047968228889775144,1.284821114081895,0.024290347017116964
2006Q3,0.047968228889775144,0.024290347017116964,-0.21168023062597002,中性,-1.129999999999999,16.83,0.5249445304847664,,,,,0.5267275499536643,2.168354804545019,0.3183151516360203
2006Q4,0.5267275499536643,0.3183151516360203,0.051428151830865174,大幅流入,0.5399999999999991,16.94,3.1111131758801758,,,,,0.19006314395131474,0.9665909666847816,0.46897485047000553
2007Q1,0.19006314395131474,0.46897485047000553,0.4786467277363252,大幅流入,2.539999999999999,17.27,3.375309652155507,,,,,0.19997594208260527,0.0906820168323763,0.3122563276501127
2007Q2,0.19997594208260527,0.3122563276501127,0.8526763237065498,大幅流入,3.860000000000003,17.06,1.8513316910079456,,,,,0.45321450005404773,-0.28387445975256387,0.45157421289355293
2007Q3,0.45321450005404773,0.45157421289355293,0.903413346556903,大幅流入,3.620000000000001,18.45,2.890996487532241,,,,,-0.052363515594705756,-0.5868768642045884,-0.03834680010821778
2007Q4,-0.052363515594705756,-0.03834680010821778,0.3074554259674973,大幅流入,4.300000000000001,16.7,0.43410205050345363,,,,,-0.3399845255107655,-0.6539421841000479,-0.25465733170171334
2008Q1,-0.3399845255107655,-0.25465733170171334,-0.1013094579721559,流入,1.7799999999999976,16.19,-0.07869877830571148,,,,,-0.21211369900132837,-0.31661124889963554,-0.2651613341194603
2008Q2,-0.21211369900132837,-0.2651613341194603,-0.42740057712956947,流出,-3.1800000000000015,17.37,-0.34342127633899167,,,,,-0.16166021527698338,0.08159743986246121,-0.19993866925105486
2008Q3,-0.16166021527698338,-0.19993866925105486,-0.5587458597168158,大幅流出,-5.859999999999999,15.29,-0.41020401319420297,,,,,-0.20620032226225316,0.21172089438238276,-0.1505059452374219
2008Q4,-0.20620032226225316,-0.1505059452374219,-0.26868447781305566,中性,-8.76,17.82,0.4640721652534261,,,,,0.30338668885465503,0.7998297456344856,0.4124699832359202
2009Q1,0.30338668885465503,0.4124699832359202,-0.6068280493862783,大幅流出,-8.470000000000002,25.51,0.9575911190091606,,,,,0.2469854159740401,0.31008257581599263,0.24279450924518842
2009Q2,0.2469854159740401,0.24279450924518842,0.019736058885714475,流入,-3.6700000000000017,28.46,1.3291791112209457,,,,,-0.060802294548622404,-0.18956518330640193,-0.03801016869071372
2009Q3,-0.060802294548622404,-0.03801016869071372,0.3018811429101632,大幅流入,0.20000000000000284,29.31,1.752632700122159,,,,,0.1790704267715708,-0.044530057644995784,0.2282389644614966
2009Q4,0.1790704267715708,0.2282389644614966,0.3994598176508336,大幅流入,4.670000000000002,27.68,0.6063596494486057,,,,,-0.05127460263357764,-0.14313155468840344,-0.015484251488321887
2010Q1,-0.05127460263357764,-0.015484251488321887,0.11381397860357137,大幅流入,7.440000000000001,22.5,-0.19431198644981407,,,969.440795,,-0.22859794056488925,-0.058214180608245764,-0.22530923358638244
2010Q2,-0.22859794056488925,-0.22530923358638244,0.08076007292035581,大幅流入,6.099999999999998,18.46,-0.3400203712834524,,14.771647669999998,935.824099095,-921.052451425,0.10727619174689473,0.15164716036308,0.19700625219037504
2010Q3,0.10727619174689473,0.19700625219037504,-0.12163831980059511,流入,1.9100000000000001,18.96,-0.266929456096192,,32.02262904,1681.5030284,-1649.4803993599999,0.05739406203660269,-0.11162506617945533,0.06844814081109818
2010Q4,0.05739406203660269,0.06844814081109818,-0.14925685171754768,流入,1.4700000000000024,19.72,0.1233623777755839,,80.74659501,949.460565,-868.71396999,0.042745978831777,-0.21675331552517968,0.0212886467911666
2011Q1,0.042745978831777,0.0212886467911666,-0.38860206045241663,流出,-1.6199999999999992,16.63,0.08165164416410553,,80.21965919000002,948.3149500000002,-868.0952908100002,-0.056703792991454116,-0.22721918670432917,-0.06028339958903506
2011Q2,-0.056703792991454116,-0.06028339958903506,-0.4011404997172402,流出,-2.8000000000000007,15.9,0.0465305893916832,,63.50359960999998,610.199062,-546.6954623900001,-0.14585261231045066,-0.19429045399185257,-0.14752081556908314
2011Q3,-0.14585261231045066,-0.14752081556908314,-0.5392882656618523,大幅流出,-4.1899999999999995,13.04,-0.219996240286904,,62.53402993000003,520.4358900000001,-457.90186007000005,-0.06773552275752148,-0.11573782860436929,-0.11604688013236164
2011Q4,-0.06773552275752148,-0.11604688013236164,-0.09398178149118275,流入,-5.76,13.61,-0.5098144182222875,,41.61452214999997,521.0114484000001,-479.3969262500001,0.02881263534836731,0.03169521741443297,0.041184935672192724
2012Q1,0.02881263534836731,0.041184935672192724,-0.2012123291007842,中性,-9.0,13.4,-0.11813219315213175,,83.45913082999999,353.23016870000004,-269.77103787000004,-0.01650927970273841,-0.01156405284100855,0.0227793010976991
2012Q2,-0.01650927970273841,0.0227793010976991,0.028614427815213235,流入,-8.899999999999999,13.6,-0.05792628022249857,,139.44510177000006,346.8000592,-207.35495742999996,-0.06257754115944292,-0.11064148922163848,-0.06512204223861762
2012Q3,-0.06257754115944292,-0.06512204223861762,-0.21428834431645855,中性,-7.500000000000001,14.8,0.14729466010118597,,87.00103743,258.0894574,-171.08841997000002,0.08770094848499821,0.042420340825695485,0.07071588536986617
2012Q4,0.08770094848499821,0.07071588536986617,0.21368694651094952,大幅流入,-7.300000000000001,13.8,0.5161819811071686,,171.56100852999998,28.08072,143.48028853,-0.01432576743136571,-0.06749288713549871,0.021903379334720308
2013Q1,-0.01432576743136571,0.021903379334720308,0.741440493271015,大幅流入,-3.799999999999999,15.7,0.5754039145113856,,751.34256088,,751.34256088,-0.11509102346799038,-0.09090275017537615,-0.08118564587369603
2013Q2,-0.11509102346799038,-0.08118564587369603,-0.8382657925721947,大幅流出,-4.9,14.0,0.3805597277896815,,576.9300255200001,,576.9300255200001,0.09875626892804501,0.034923600676230904,0.16170972167971054
2013Q3,0.09875626892804501,0.16170972167971054,0.4256714141477882,大幅流入,-5.299999999999999,14.2,0.7254128544336049,,641.9152384499998,,641.9152384499998,-0.026986685305552816,0.08700420524540557,-0.018167089581499374
2013Q4,-0.026986685305552816,-0.018167089581499374,-0.29997035366263364,中性,-4.299999999999999,13.6,0.341468190527215,,607.5697473200003,,607.5697473200003,-0.03907034950268862,0.5286912245779493,-0.031408866816910797
2014Q1,-0.03907034950268862,-0.031408866816910797,0.04006881521367424,大幅流入,-6.699999999999999,12.1,-0.04838549986738139,,491.55327123000006,301.88839462929997,189.6648766007001,0.007387476356239597,0.8432537945592058,0.0365230947313393
2014Q2,0.007387476356239597,0.0365230947313393,-0.17881330278980193,中性,-5.799999999999999,14.7,-0.04035389405164569,,107.85428376999971,18.148049,89.70623476999971,0.15404913375647533,1.088153893396904,0.20804983046115466
2014Q3,0.15404913375647533,0.20804983046115466,0.03286937837844591,流入,-8.100000000000001,12.9,0.3329919018975078,,2039.99762258,147.18292399999999,1892.8146985800001,0.36838193301662114,0.29143353906940733,0.22437310187950632
2014Q4,0.36838193301662114,0.22437310187950632,0.18274125530230087,大幅流入,-9.0,12.2,1.626047624839861,685.7047,4099.62206668,280.476047,4504.85071968,0.15866251869970327,0.09413768360797686,0.26546670563533636
2015Q1,0.15866251869970327,0.26546670563533636,0.6242697809259532,大幅流入,-8.7,11.6,1.848989297807289,368.4829,4685.07278416,473.507962,4580.04772216,0.14123192754127034,-0.19850695016060993,0.2063935858848409
2015Q2,0.14123192754127034,0.2063935858848409,-0.10717949078762398,流入,-7.500000000000001,11.8,5.003416668829214,165.42579999999998,5587.863543559999,965.51506246,4787.774281099999,-0.28627015385219656,-0.3150680511790127,-0.29894540747055665
2015Q3,-0.28627015385219656,-0.29894540747055665,0.2686088083754827,大幅流入,-1.6999999999999993,13.1,1.0578904207767743,-86.08510000000001,-11406.155300729999,12.353835,-11504.59423573,0.15933045966939652,-0.01574891877275165,0.2594386416880148
2015Q4,0.15933045966939652,0.2594386416880148,-0.2134498058839788,中性,1.8999999999999986,13.3,0.01201762702578879,-262.5385,2672.5623160699997,94.24449575999999,2315.7793203099995,-0.15124031485241496,-0.1230637474987156,-0.16905117094612632
2016Q1,-0.15124031485241496,-0.16905117094612632,0.07569272225206526,大幅流入,8.65,13.4,-0.3310395659839849,144.2425,-2926.8130435099993,116.643143,-2899.213686509999,-0.024737384380050575,0.07277136669979019,0.010284547063156513
2016Q2,-0.024737384380050575,0.010284547063156513,0.1441339557375386,大幅流入,12.81,11.78,-0.6687790323934673,83.4199,-277.3281183800009,171.06146099999998,-364.9696793800009,0.025633822432094888,0.08971206366999519,0.02852152140190256
2016Q3,0.025633822432094888,0.02852152140190256,0.2309781651513306,大幅流入,13.2,11.5,-0.47737236941096395,222.9565,177.72512905999974,480.09798748060007,-79.41635842060032,0.0329263824078454,0.11456706369980672,0.007444585770665757
2016Q4,0.0329263824078454,0.007444585770665757,-0.25652507969927313,中性,10.020000000000001,11.33,-0.3555005743404178,156.174,671.0407253000012,731.7525725158999,95.46215278410125,0.038302481894628704,0.06557951203700688,0.01756603219588171
2017Q1,0.038302481894628704,0.01756603219588171,-0.11801275558921046,流入,8.700000000000001,10.1,-0.19879608985858488,466.11279999999994,-177.450085460001,682.7143682043,-394.051653664301,-0.009336499391468855,-0.01663825199828452,-0.016514733359544564
2017Q2,-0.009336499391468855,-0.016514733359544564,0.13408510203899424,大幅流入,5.9,9.1,-0.08186581596708464,498.79669999999993,-424.18327667999984,559.3566788315,-484.74325551149985,0.04902727611312652,-0.10807106944027223,0.05724682254579028
2017Q3,0.04902727611312652,0.05724682254579028,0.1962154342107978,大幅流入,5.0,9.0,0.14882829936558473,702.4914,900.9511980400002,493.8758779787,1109.5667200613002,-0.012472890700140349,-0.15754015520718034,-0.02303033922086184
2017Q4,-0.012472890700140349,-0.02303033922086184,-0.20263625167086674,中性,3.700000000000001,8.1,-0.15197897416123218,329.9759,560.5623302000004,543.8286836699,346.7095465301004,-0.0418106466793986,-0.245912822193705,-0.03249224879869972
2018Q1,-0.0418106466793986,-0.03249224879869972,-0.04056140050497803,流入,-1.0999999999999996,8.2,0.13159613515879354,421.90840000000003,-259.9432371599996,401.9852944316001,-240.0201315915997,-0.1014482326184789,-0.02465810659040051,-0.11710201730902281
2018Q2,-0.1014482326184789,-0.11710201730902281,0.005392965273331163,流入,-2.3000000000000007,8.3,-0.09024649915912142,1179.9377,-828.5439737900015,519.9337309386,-168.5400047286015,-0.009154960739870321,0.04616814250664989,-0.050601334381810026
2018Q3,-0.009154960739870321,-0.050601334381810026,-0.05465685458084346,流入,-4.300000000000001,8.3,-0.30113094610826663,815.0694000000001,-977.6608565099996,231.3552304758,-393.9466869857995,-0.11606287770039159,0.029715916139436752,-0.1173862936831902
2018Q4,-0.11606287770039159,-0.1173862936831902,-0.32561848294890894,中性,-6.6,8.1,0.08507809055382531,525.2635,-661.6200770099995,223.9229989316,-360.27957594159943,0.23932914604297828,0.22303576412167936,0.3104461113304382
2019Q1,0.23932914604297828,0.3104461113304382,0.18821931423634564,大幅流入,-4.0,8.6,0.6818431211556857,1254.3583999999998,1642.5650753300006,255.63285860579998,2641.290616724201,-0.03619824004338079,-0.11015485521674613,-0.04302636652848757
2019Q2,-0.03619824004338079,-0.04302636652848757,-0.5576088899469296,大幅流出,-4.1,8.5,0.9091425497128445,-290.6767000000001,-112.7471122400002,348.6047058526,-752.0285180926003,-0.02473716614107735,0.0019456990182208562,0.0014712024194039053
2019Q3,-0.02473716614107735,0.0014712024194039053,-0.36767039313503924,流出,-5.0,8.4,0.4749538246561513,898.9327,353.16003748,797.1698091338001,454.9229283461998,0.049888320518906015,0.10769110030362924,0.06827816453913016
2019Q4,0.049888320518906015,0.06827816453913016,-0.15747645629837953,中性,-4.299999999999999,8.7,0.1516157675728642,1654.8132,682.2579213299996,1085.6916032645,1251.3795180654997,-0.0983002658252583,0.13866485428133415,-0.06626607391494277
2020Q1,-0.0983002658252583,-0.06626607391494277,-0.2579149148506962,中性,-5.1,10.1,0.1594572807406831,-178.97090000000006,419.3987475699996,770.3699184968998,-529.9420709269002,0.0852191909525375,0.25146965999296084,0.1494182333266727
2020Q2,0.0852191909525375,0.1494182333266727,-0.24917583771811064,中性,-4.6,11.1,-0.060745153260837514,1360.4808999999998,839.2982328899998,602.4684911590001,1597.3106417309991,0.07819212416498433,0.2032124781466922,0.08982595823298145
2020Q3,0.07819212416498433,0.08982595823298145,-0.8289966108684034,大幅流出,-2.8000000000000007,10.9,0.9436078005802855,-244.09519999999995,2573.72489578,2189.7231122838,139.90658349620026,0.07924576731513344,0.10879718537798629,0.08632335922985046
2020Q4,0.07924576731513344,0.08632335922985046,-0.08805041829337555,流入,-1.5,10.1,0.4287752096021433,1151.9078000000002,932.7738646300004,1152.9459475949998,931.7357170350006,-0.008971028217406585,0.047999622236125944,-0.03282276011452856
2021Q1,-0.008971028217406585,-0.03282276011452856,-0.04382413514096223,流入,-2.3000000000000007,9.4,-0.07853071526761457,998.9209000000001,276.97515768999983,773.6598735691,502.2361841208999,0.043372695176401965,-0.0551173301351111,0.08008588675449002
2021Q2,0.043372695176401965,0.08008588675449002,-0.2723806695454752,中性,-3.0999999999999996,8.6,0.20104054816028527,1237.6877999999997,1184.34340084,1339.1765413782,1082.8546594617997,-0.00641290355277091,-0.053625852327232534,-0.008527575285040778
2021Q3,-0.00641290355277091,-0.008527575285040778,-0.4572375980810436,流出,-4.6000000000000005,8.3,0.08381841898171083,681.8608999999999,571.8529675599984,1602.397676316,-348.68380875600155,0.020068567418509264,-0.15239645453814246,0.04519068934231196
2021Q4,0.020068567418509264,0.04519068934231196,-0.3331906138015916,流出,-5.5,9.0,0.34095097529651075,1403.2196,267.0978118600033,1671.4922321127,-1.174820252696918,-0.10648240619269056,-0.1512502833279531,-0.137043454835732
2022Q1,-0.10648240619269056,-0.137043454835732,-0.6798347398429399,大幅流出,-4.999999999999999,9.7,0.16469507306527742,-243.2852,-1313.5962148100025,1765.2649623602001,-3322.146377170203,0.04501963745805537,0.006351694528293542,0.05349307129667302
2022Q2,0.04501963745805537,0.05349307129667302,-0.2606763232250713,中性,-5.6000000000000005,11.4,0.22177032320667656,961.2737999999999,-709.2200297299987,1277.7908478557,-1025.7370775856987,-0.1101109981239422,-0.05783354165342613,-0.1293639497010839
2022Q3,-0.1101109981239422,-0.1293639497010839,-0.6352122907318083,大幅流出,-5.699999999999999,12.1,-0.18770460810751965,-195.87070000000006,-662.06393269,1731.4185068972001,-2589.3531395872,0.021447954315430673,0.02846325094870327,0.02878059650126641
2022Q4,0.021447954315430673,0.02878059650126641,-0.5277648248375526,大幅流出,-6.000000000000001,11.8,-0.13136773576976757,378.07869999999986,9.47696145000009,1010.7317650125001,-623.1761035625002,0.05943239444552706,-0.03700662100737455,0.0657770164881859
2023Q1,0.05943239444552706,0.0657770164881859,0.0663962591337664,大幅流入,-7.6,12.7,-0.1300640639465257,1859.8782999999999,683.6180121799989,648.6131697789999,2488.283142400999,-0.021631844930733446,-0.07079221231583384,-0.03186416377591128
2023Q2,-0.021631844930733446,-0.03186416377591128,-0.4615152479286449,流出,-8.200000000000001,11.3,-0.10434913395898449,-26.636100000000077,-175.8239748899996,1420.4178857909,-1185.4479606808998,-0.02860250675970666,-0.07328371530594967,-0.04416571029272143
2023Q3,-0.02860250675970666,-0.04416571029272143,-0.7475283476655581,大幅流出,-8.200000000000001,10.3,-0.08801371495174393,-801.3129000000004,141.42218839000088,1137.6000069035,-1554.5807185134995,-0.043575338171822575,0.07266478592497927,-0.03898936300358402
2023Q4,-0.043575338171822575,-0.03898936300358402,-0.44507568903188743,流出,-8.399999999999999,9.7,0.01254166987738814,-594.8884,687.2204229199997,325.0796560465,73.05236687349958,0.02226334356885107,0.126667641477881,-0.026746400431178263
2024Q1,0.02226334356885107,-0.026746400431178263,-0.07903626129388985,流入,-7.200000000000001,8.3,0.18109282676981686,682.2334,-828.8489777699997,234.4814024777,-115.13698024769968,-0.024255162574103983,0.09686380261261553,-0.050839115547951286
2024Q2,-0.024255162574103983,-0.050839115547951286,-0.6794084859254839,大幅流出,-11.2,6.2,0.0481386635370169,-296.45600000000024,-7287.7213475300005,88.35513017359999,-7337.1124777036,0.12438283576581943,0.16075437006702484,0.17705034776746653
2024Q3,0.12438283576581943,0.17705034776746653,-0.3531836232915445,流出,-14.2,6.8,0.0447271837100085,-453.5679,6630.04528596,152.98288242860002,6199.0345035314,0.004575457433350083,0.16372860518082283,0.014899827199393423
2024Q4,0.004575457433350083,0.014899827199393423,-0.5019663039254495,流出,-8.7,7.3,1.2667550908864191,,-4799.9741715,187.71943122929997,-3721.3836027293,-0.004778679160787891,0.1841052007555425,0.018536807548984013
2025Q1,-0.004778679160787891,0.018536807548984013,-0.4025894175442634,流出,-5.4,7.0,0.3910319972987175,,175.22508793999987,162.78456653339998,529.3705214065999,0.03258041829323921,0.16671383252801594,0.03692043011695523
2025Q2,0.03258041829323921,0.03692043011695523,0.5235935167717197,大幅流入,-3.700000000000001,8.3,0.3456477371575495,,8653.084838269999,207.8820667566,9313.752771513398,0.1272638750259114,0.18870226853472805,0.19395145783121293
2025Q3,0.1272638750259114,0.19395145783121293,0.09537278220132639,大幅流入,-1.2000000000000002,8.4,1.0491864454061637,,5386.367243280001,372.0540242505,6359.9232190295015,0.0221653213666404,0.007661269241061064,0.010611044729167185
2025Q4,0.0221653213666404,0.010611044729167185,-0.08175760880153238,流入,-4.7,8.5,-0.2086115986743009,,1452.1622980399989,544.1965318933,1803.855766146699,-0.019395843621814013,,-0.011886803582086825
2026Q1,-0.019395843621814013,-0.011886803582086825,-0.08505029229753104,流入,-3.4000000000000004,8.5,0.2694923699633047,,661.4968274800012,258.7874207772,1571.3694067028011,0.05204091307474745,,0.12904488430987016
2026Q2,0.05204091307474745,0.12904488430987016,-0.07194479775488685,流入,-4.0,8.0,0.3414182054196184,,4054.4998104900005,435.8703929384999,4511.8694175515,-0.0444199719763374,,-0.1004820756736835
